school_id,name,division,conference,conf_tier,2022_W,2022_L,2022_D,2023_W,2023_L,2023_D,2024_W,2024_L,2024_D,2025_W,2025_L,2025_D,2022_ps,2023_ps,2024_ps,2025_ps
air_force,Air Force,D1,Mountain West,d1t3,8,6,3,1,14,2,1,15,1,1,13,3,,,,
akron,Akron,D1,Big East,d1t2,11,4,5,9,2,7,12,5,4,13,5,3,r16,,r32,r16
albany,Albany,D1,America East,d1t3,6,8,6,5,11,1,4,12,2,5,6,6,,,,
american,American,D1,Patriot League,d1t3,8,7,5,6,5,5,5,5,9,8,8,2,,,,
army_west_point,Army West Point,D1,Patriot League,d1t3,8,4,5,3,9,4,4,11,2,7,6,5,,,,
bellarmine,Bellarmine,D1,ASUN,d1t3,6,4,8,6,5,6,5,6,5,8,4,5,,,,
belmont,Belmont,D1,MVC,d1t3,7,4,7,5,8,4,5,8,4,8,3,6,,,,
binghamton,Binghamton,D1,America East,d1t3,6,9,4,5,10,3,8,7,4,4,13,0,,,,
boston_college,Boston College,D1,ACC,d1t1,4,7,5,3,9,5,6,5,6,7,9,1,,,,
boston_university,Boston University,D1,Patriot League,d1t3,6,5,7,12,4,4,4,4,10,10,8,0,,r32,,
bowling_green,Bowling Green,D1,MVC,d1t3,6,5,5,10,5,2,12,6,2,5,8,4,,,,
bradley,Bradley,D1,MVC,d1t3,5,11,3,4,8,4,4,8,4,2,9,6,,,,
brown,Brown,D1,Ivy League,d1t3,8,6,3,5,5,8,8,8,1,6,7,2,,,,
bryant,Bryant,D1,America East,d1t3,3,10,1,16,2,2,10,6,4,17,2,3,,r32,,r32
bucknell,Bucknell,D1,Patriot League,d1t3,3,12,2,2,10,4,7,7,6,9,4,5,,,appearance,
butler,Butler,D1,Big East,d1t2,10,6,3,2,7,6,4,10,3,5,10,2,,,,
cal_poly,Cal Poly,D1,Pac-12,d1t3,2,11,4,5,8,4,7,4,8,9,6,5,,,,
cal_state_bakersfield,Cal State Bakersfield,D1,Big West,d1t3,2,13,2,7,5,5,7,6,4,3,11,3,,,,
cal_state_fullerton,Cal State Fullerton,D1,Big West,d1t3,8,6,5,12,5,3,7,6,7,8,6,6,,,,
csun,CSUN,D1,Big West,d1t3,9,6,4,4,6,8,2,8,7,6,6,6,,,,
california,California,D1,Pac-12,d1t3,3,8,6,7,6,5,8,8,2,8,8,2,,,,
california_baptist,California Baptist,D1,Pac-12,d1t3,11,7,3,10,6,4,6,8,5,10,4,3,r32,r16,,
campbell,Campbell,D1,CAA,d1t3,11,4,5,4,6,4,8,6,4,10,6,4,,,,
canisius,Canisius,D1,MAAC,d1t3,1,10,6,2,11,5,4,8,4,5,10,1,,,,
central_arkansas,Central Arkansas,D1,ASUN,d1t3,6,5,6,4,9,4,8,7,3,4,10,2,,,,
central_connecticut,Central Connecticut,D1,NEC,d1t4,3,11,1,3,9,3,1,14,1,1,14,2,,,,
charleston,Charleston,D1,CAA,d1t3,5,7,5,6,6,5,10,6,2,6,8,3,,,,
charlotte,Charlotte,D1,ASUN,d1t3,9,5,2,13,4,1,11,3,5,8,4,4,,r16,appearance,
chicago_state,Chicago State,D1,NEC,d1t4,1,13,3,5,10,4,3,11,1,1,15,1,,,,
clemson,Clemson,D1,ACC,d1t1,13,7,1,15,3,5,15,3,4,8,6,3,r32,champion,r32,appearance
cleveland_state,Cleveland State,D1,Horizon League,d1t3,11,4,5,3,9,5,7,7,3,9,4,6,r32,,,appearance
coastal_carolina,Coastal Carolina,D1,Sun Belt,d1t3,5,5,6,3,9,3,3,10,3,3,9,2,,,,
colgate,Colgate,D1,Patriot League,d1t3,7,4,7,8,10,2,8,9,3,5,7,5,,,,
columbia,Columbia,D1,Ivy League,d1t3,1,9,6,2,8,4,1,12,1,3,8,4,,,,
cornell,Cornell,D1,Ivy League,d1t3,14,4,1,8,4,3,13,4,2,14,4,2,r16,,r32,r32
creighton,Creighton,D1,Big East,d1t2,13,5,6,4,7,6,9,6,3,8,4,4,final,,,
dartmouth,Dartmouth,D1,Ivy League,d1t3,6,7,3,4,8,3,5,8,3,3,8,3,,,,
davidson,Davidson,D1,Atlantic 10,d1t3,6,8,3,10,5,1,6,7,5,9,7,3,,,,
dayton,Dayton,D1,Atlantic 10,d1t3,10,2,5,8,7,6,14,3,3,8,2,8,,r32,r32,
depaul,DePaul,D1,Big East,d1t2,4,6,7,3,7,5,6,8,3,2,8,7,,,,
delaware,Delaware,D1,Summit League,d1t4,4,11,2,9,4,6,7,7,2,12,2,3,,,,
denver,Denver,D1,WCC,d1t2,14,3,5,12,3,5,15,3,5,12,7,3,r16,quarter,quarter,r32
detroit_mercy,Detroit Mercy,D1,Horizon League,d1t3,4,7,6,5,10,3,3,10,4,5,10,3,,,,
drake,Drake,D1,MVC,d1t3,7,4,4,9,4,3,9,5,3,8,2,7,,,,
drexel,Drexel,D1,CAA,d1t3,7,5,6,9,2,5,9,6,2,4,6,6,,,,
duke,Duke,D1,ACC,d1t1,13,2,4,11,4,3,11,4,4,10,4,6,quarter,r32,appearance,r16
duquesne,Duquesne,D1,Atlantic 10,d1t3,11,4,4,8,7,3,11,4,2,8,6,2,,,,
etsu,ETSU,D1,SoCon,d1t3,8,6,3,9,5,3,5,7,5,2,9,4,,,,
eastern_illinois,Eastern Illinois,D1,OVC,d1t4,1,12,3,4,10,5,2,12,2,4,9,4,,,,
elon,Elon,D1,CAA,d1t3,11,5,3,6,8,4,10,7,1,9,3,7,r32,,,appearance
evansville,Evansville,D1,MVC,d1t3,8,5,6,4,8,4,11,7,3,7,5,8,,,appearance,
fiu,FIU,D1,AAC,d1t2,13,5,2,10,5,4,6,6,6,7,9,3,r16,r16,,
fairfield,Fairfield,D1,MAAC,d1t3,8,10,1,6,9,1,3,9,5,8,5,5,,,,
fairleigh_dickinson,Fairleigh Dickinson,D1,NEC,d1t4,10,6,3,8,5,5,10,4,5,13,5,3,r32,,,appearance
florida_atlantic,Florida Atlantic,D1,AAC,d1t2,4,9,3,6,8,3,7,6,3,12,4,2,,,,appearance
fgcu,FGCU,D1,ASUN,d1t3,8,5,4,3,7,5,4,10,3,6,7,3,,,,
fordham,Fordham,D1,Atlantic 10,d1t3,3,4,9,6,4,7,8,6,5,8,6,4,,,appearance,
furman,Furman,D1,SoCon,d1t3,7,7,4,10,6,3,9,4,6,16,2,5,,,r32,quarter
gardnerwebb,Gardner-Webb,D1,Big South,d1t3,7,5,4,4,9,4,13,4,3,13,3,2,,,r32,
george_mason,George Mason,D1,Atlantic 10,d1t3,2,11,2,5,7,3,13,4,1,7,6,3,,,,
george_washington,George Washington,D1,Atlantic 10,d1t3,8,9,2,4,9,4,3,12,2,2,11,4,,,,
georgetown,Georgetown,D1,Big East,d1t2,12,6,3,13,3,3,11,5,5,14,4,4,r16,r32,appearance,r16
georgia_southern,Georgia Southern,D1,Sun Belt,d1t3,1,14,1,2,9,6,6,7,4,13,4,1,,,,
georgia_state,Georgia State,D1,Sun Belt,d1t3,12,4,3,6,7,5,4,8,5,4,8,6,,,,
gonzaga,Gonzaga,D1,Pac-12,d1t3,4,11,3,3,9,6,6,10,2,5,8,3,,,,
grand_canyon,Grand Canyon,D1,Mountain West,d1t3,7,8,3,7,7,3,5,10,3,14,4,5,,,,r16
green_bay,Green Bay,D1,Horizon League,d1t3,6,3,7,10,4,5,11,7,2,9,7,2,,r32,,
harvard,Harvard,D1,Ivy League,d1t3,9,4,4,5,5,7,4,7,4,6,6,5,,,,
high_point,High Point,D1,Big South,d1t3,11,5,5,10,4,5,11,4,2,14,2,4,r16,r32,,r32
hofstra,Hofstra,D1,CAA,d1t3,14,4,3,14,3,5,14,5,2,14,5,1,r32,r16,appearance,r16
holy_cross,Holy Cross,D1,Patriot League,d1t3,5,9,4,5,10,3,4,9,5,4,8,6,,,,
houston_christian,Houston Christian,D1,OVC,d1t4,5,8,6,4,8,6,8,7,5,11,5,3,,,,
howard,Howard,D1,NEC,d1t4,2,11,2,2,13,1,2,11,3,5,11,2,,,,
iu_indy,IU Indy,D1,Horizon League,d1t3,7,7,6,7,7,5,5,9,3,6,8,3,,,,
uiw,UIW,D1,OVC,d1t4,2,13,1,7,8,5,6,6,6,5,7,6,,,,
indiana,Indiana,D1,Big Ten,d1t1,14,5,6,15,4,5,11,5,5,12,6,1,final,semi,r32,appearance
iona,Iona,D1,MAAC,d1t3,7,5,5,12,4,0,11,5,3,9,4,5,,,appearance,
jacksonville,Jacksonville,D1,ASUN,d1t3,3,8,4,5,9,3,4,6,5,6,7,5,,,,
james_madison,James Madison,D1,Sun Belt,d1t3,8,8,4,10,5,5,8,5,6,1,10,5,,quarter,,
kentucky,Kentucky,D1,Sun Belt,d1t3,15,1,5,8,8,4,7,6,6,10,4,5,r16,r16,,appearance
liu,LIU,D1,NEC,d1t4,9,6,2,10,6,3,8,5,7,8,3,7,,r32,appearance,
la_salle,La Salle,D1,Atlantic 10,d1t3,5,9,4,5,8,4,6,8,4,4,5,8,,,,
lafayette,Lafayette,D1,Patriot League,d1t3,9,6,4,9,6,6,8,6,4,8,7,7,,,,appearance
le_moyne,Le Moyne,D1,NEC,d1t4,7,6,6,2,8,7,7,6,4,5,10,2,,,,
lehigh,Lehigh,D1,Patriot League,d1t3,3,10,3,3,10,5,6,10,3,9,5,6,,,,
liberty,Liberty,D1,SoCon,d1t3,3,6,6,9,6,3,7,7,3,9,5,6,,,,
lindenwood,Lindenwood,D1,OVC,d1t4,3,11,1,7,7,6,11,6,3,14,3,4,,,,appearance
lipscomb,Lipscomb,D1,ASUN,d1t3,14,3,2,10,4,4,3,8,5,2,9,6,r32,r32,,
longwood,Longwood,D1,Big South,d1t3,2,10,5,6,6,3,5,10,3,3,8,5,,,,
louisville,Louisville,D1,ACC,d1t1,9,6,3,12,6,3,6,7,4,5,7,5,r32,r16,,
loyola_chicago,Loyola Chicago,D1,Atlantic 10,d1t3,9,2,7,8,2,5,5,9,2,4,5,7,,,,
loyola_maryland,Loyola Maryland,D1,Patriot League,d1t3,4,5,8,7,3,8,4,7,6,3,10,3,,,,
loyola_marymount,Loyola Marymount,D1,WCC,d1t2,9,6,3,10,5,6,6,8,3,5,6,7,,semi,,
manhattan,Manhattan,D1,MAAC,d1t3,8,5,6,7,8,3,5,8,3,4,8,4,,,,
marist,Marist,D1,MAAC,d1t3,7,6,4,6,8,3,7,9,2,8,4,4,,,,
marquette,Marquette,D1,Big East,d1t2,5,9,4,7,6,3,6,7,4,7,7,2,,,,
marshall,Marshall,D1,Sun Belt,d1t3,11,4,4,18,2,0,15,2,7,12,4,5,quarter,r16,semi,r32
maryland,Maryland,D1,Big Ten,d1t1,11,4,5,4,8,3,9,6,5,13,2,4,r16,,r32,r16
memphis,Memphis,D1,AAC,d1t2,9,6,4,11,6,2,7,7,3,4,8,3,r32,r16,,
mercer,Mercer,D1,SoCon,d1t3,8,5,6,7,6,8,6,5,7,5,9,4,,r32,,
mercyhurst,Mercyhurst,D1,NEC,d1t4,19,1,1,14,3,1,8,7,2,3,10,4,,,,
merrimack,Merrimack,D1,MAAC,d1t3,8,6,3,5,7,4,3,11,2,4,9,3,,,,
michigan,Michigan,D1,Big Ten,d1t1,4,10,3,5,6,7,9,5,7,12,4,4,,,r32,appearance
michigan_state,Michigan State,D1,Big Ten,d1t1,6,9,2,7,2,7,5,7,5,5,8,3,,,,
milwaukee,Milwaukee,D1,Horizon League,d1t3,1,8,8,4,9,4,9,5,5,4,7,8,,,,
missouri_state,Missouri State,D1,AAC,d1t2,12,2,4,12,4,3,12,4,2,6,6,4,r32,r16,appearance,
monmouth,Monmouth,D1,CAA,d1t3,7,7,1,8,4,6,8,2,6,5,8,3,,,,
mount_st_marys,Mount St. Mary's,D1,MAAC,d1t3,7,9,1,2,10,3,3,11,4,3,9,5,,,,
nc_state,NC State,D1,ACC,d1t1,6,7,4,6,9,3,10,5,5,16,3,4,,,r16,semi
njit,NJIT,D1,America East,d1t3,5,8,4,7,8,4,6,8,4,3,9,5,,,,
navy,Navy,D1,Patriot League,d1t3,7,5,9,6,8,5,4,8,4,3,8,7,r32,,,
new_hampshire,New Hampshire,D1,America East,d1t3,15,4,1,13,3,4,7,3,7,5,8,5,r16,r16,,
new_haven,New Haven,D1,NEC,d1t4,1,10,4,6,7,2,12,4,4,5,5,6,,,,
niagara,Niagara,D1,MAAC,d1t3,5,9,6,4,10,3,2,12,2,8,7,1,,,,
north_carolina,North Carolina,D1,ACC,d1t1,8,6,5,11,4,7,9,4,5,9,5,6,r32,quarter,appearance,r32
north_florida,North Florida,D1,ASUN,d1t3,4,8,4,3,8,4,7,8,4,12,5,2,,,appearance,appearance
northeastern,Northeastern,D1,CAA,d1t3,6,9,3,4,7,6,4,5,7,4,7,4,,,,
northern_illinois,Northern Illinois,D1,Horizon League,d1t3,5,8,4,3,12,1,3,12,1,8,5,4,,,,
northern_kentucky,Northern Kentucky,D1,Horizon League,d1t3,4,11,2,4,10,3,3,6,7,4,10,3,,,,
northwestern,Northwestern,D1,Big Ten,d1t1,3,9,5,10,4,3,9,7,1,8,6,3,,,,
notre_dame,Notre Dame,D1,ACC,d1t1,8,7,2,13,3,6,7,5,5,9,7,4,,final,,r32
oakland,Oakland,D1,Horizon League,d1t3,4,10,5,8,9,2,9,6,2,3,9,6,,,,
ohio_state,Ohio State,D1,Big Ten,d1t1,11,3,6,6,6,6,16,2,4,7,9,0,r16,,quarter,
old_dominion,Old Dominion,D1,Sun Belt,d1t3,6,8,2,5,7,5,7,8,2,5,5,8,,,,
omaha,Omaha,D1,Summit League,d1t4,8,6,2,8,8,4,7,7,3,3,9,4,,r32,,
oral_roberts,Oral Roberts,D1,Summit League,d1t4,11,4,2,10,4,3,7,6,3,4,10,3,,,,
oregon_state,Oregon State,D1,Pac-12,d1t3,9,4,6,11,6,5,10,5,3,10,5,2,r32,final,appearance,appearance
pacific,Pacific,D1,WCC,d1t2,3,12,2,5,8,4,4,8,4,4,14,0,,,,
penn,Penn,D1,Ivy League,d1t3,13,3,2,7,3,6,14,4,1,8,5,4,r16,,appearance,
penn_state,Penn State,D1,Big Ten,d1t1,6,6,4,10,4,5,5,9,2,5,8,4,,,,
pittsburgh,Pittsburgh,D1,ACC,d1t1,12,5,5,6,7,4,14,6,0,6,7,5,final,r32,r16,
portland,Portland,D1,WCC,d1t2,15,3,3,12,5,0,7,4,7,14,2,4,semi,r32,,r16
presbyterian,Presbyterian,D1,Big South,d1t3,10,5,2,5,8,3,6,8,2,7,8,5,,,,
princeton,Princeton,D1,Ivy League,d1t3,6,6,4,4,8,3,12,7,0,15,2,2,,,appearance,appearance
providence,Providence,D1,Big East,d1t2,5,5,7,8,6,3,13,6,3,6,7,3,,,r32,
purdue_fort_wayne,Purdue Fort Wayne,D1,Horizon League,d1t3,2,10,3,7,6,4,7,7,2,8,3,6,,,,
queens_nc,Queens (NC),D1,ASUN,d1t3,4,10,2,5,10,2,5,10,3,5,6,6,,,,
quinnipiac,Quinnipiac,D1,MAAC,d1t3,13,5,3,3,9,5,7,9,1,7,10,1,r32,,,
radford,Radford,D1,Big South,d1t3,4,10,2,3,11,3,0,13,3,2,11,4,,,,
rhode_island,Rhode Island,D1,Atlantic 10,d1t3,6,3,7,5,6,5,7,7,3,4,8,5,,,,
rider,Rider,D1,MAAC,d1t3,3,8,6,12,4,4,14,5,1,2,11,4,,r32,,
robert_morris,Robert Morris,D1,Horizon League,d1t3,6,7,3,5,6,5,9,7,3,6,4,7,,,appearance,
rutgers,Rutgers,D1,Big Ten,d1t1,10,5,6,5,8,3,6,9,2,8,6,3,r32,,,
siue,SIUE,D1,OVC,d1t4,5,9,2,16,1,3,12,5,3,6,11,2,,r32,appearance,
smu,SMU,D1,ACC,d1t1,10,6,1,14,3,2,12,3,6,11,5,4,r32,r16,r16,appearance
sacramento_state,Sacramento State,D1,Big West,d1t3,9,8,2,4,10,4,6,10,2,2,12,4,,,,
sacred_heart,Sacred Heart,D1,MAAC,d1t3,7,9,1,6,8,5,8,6,2,9,4,5,,,,
saint_josephs,Saint Joseph's,D1,Atlantic 10,d1t3,3,6,8,4,11,2,4,12,1,6,7,5,,,,
saint_louis,Saint Louis,D1,Atlantic 10,d1t3,12,5,3,8,4,5,8,5,8,13,3,8,r16,,appearance,semi
saint_marys,Saint Mary's,D1,WCC,d1t2,7,6,5,8,7,2,2,9,6,2,8,6,,,,
san_diego,San Diego,D1,WCC,d1t2,8,5,6,11,4,4,15,3,2,13,3,3,r32,r32,r16,appearance
san_diego_state,San Diego State,D1,Pac-12,d1t3,5,9,4,6,7,5,10,5,3,7,9,2,,,,
san_francisco,San Francisco,D1,WCC,d1t2,7,6,4,8,4,5,7,6,4,10,6,1,,,,
san_jose_state,San Jose State,D1,Mountain West,d1t3,10,5,4,6,8,4,6,8,7,12,4,4,,,,
santa_clara,Santa Clara,D1,WCC,d1t2,4,5,6,7,7,3,5,8,3,6,5,7,,,,
seattle,Seattle,D1,WCC,d1t2,7,10,1,12,4,3,12,4,4,4,7,6,,r32,appearance,
seton_hall,Seton Hall,D1,Big East,d1t2,7,4,7,8,6,3,11,6,1,7,4,8,r32,,,r32
siena,Siena,D1,MAAC,d1t3,8,5,6,8,9,0,7,5,6,9,5,5,,,,appearance
south_carolina,South Carolina,D1,Sun Belt,d1t3,5,8,4,6,9,3,10,5,2,7,9,2,,,,
south_florida,South Florida,D1,AAC,d1t2,9,7,4,6,9,1,6,6,4,9,3,5,r16,,,
southern_indiana,Southern Indiana,D1,OVC,d1t4,2,12,3,2,12,3,2,14,2,2,10,5,,,,
st_bonaventure,St. Bonaventure,D1,Atlantic 10,d1t3,3,10,3,6,7,4,6,8,3,3,9,3,,,,
st_johns,St. John's,D1,Big East,d1t2,4,8,5,8,4,5,9,6,5,9,6,4,,,,appearance
saint_peters,Saint Peter's,D1,MAAC,d1t3,3,10,4,2,9,5,2,10,4,4,10,2,,,,
st_thomas,St. Thomas,D1,Summit League,d1t4,3,12,2,3,10,3,4,10,2,7,5,5,,,,
stanford,Stanford,D1,ACC,d1t1,12,2,6,11,4,5,9,5,6,14,4,2,r16,quarter,r32,r32
stetson,Stetson,D1,ASUN,d1t3,6,3,7,7,7,4,5,6,6,6,8,3,,,,
stonehill,Stonehill,D1,NEC,d1t4,3,12,2,3,8,5,6,9,3,5,10,3,,,,
stony_brook,Stony Brook,D1,CAA,d1t3,5,11,0,6,6,5,3,10,3,9,5,5,,,,
syracuse,Syracuse,D1,ACC,d1t1,19,2,4,9,5,7,7,7,3,9,8,3,final,r16,,appearance
temple,Temple,D1,AAC,d1t2,4,9,3,3,8,4,5,7,5,1,13,2,,,,
tulsa,Tulsa,D1,AAC,d1t2,10,5,2,4,8,3,3,9,3,5,9,4,r16,,,
uab,UAB,D1,AAC,d1t2,3,9,4,0,11,4,4,6,5,6,7,2,,,,
uc_davis,UC Davis,D1,Mountain West,d1t3,5,9,4,9,7,4,10,6,6,4,9,6,,,appearance,
uc_irvine,UC Irvine,D1,Big West,d1t3,6,12,2,9,7,4,8,8,3,11,4,6,,r32,,appearance
uc_riverside,UC Riverside,D1,Pac-12,d1t3,8,8,4,3,9,5,5,6,5,4,9,4,r32,,,
uc_san_diego,UC San Diego,D1,Pac-12,d1t3,8,8,2,4,11,3,4,9,5,2,9,7,,,,
uc_santa_barbara,UC Santa Barbara,D1,Big West,d1t3,10,4,6,10,8,2,12,5,5,7,5,8,,,r32,
ucf,UCF,D1,Sun Belt,d1t3,6,7,0,10,4,2,7,6,3,11,7,3,,r32,,r32
ucla,UCLA,D1,Big Ten,d1t1,12,7,1,9,4,5,7,6,6,8,6,5,quarter,r32,appearance,appearance
uconn,UConn,D1,Big East,d1t2,7,7,3,9,8,1,8,4,6,12,5,4,,,,r32
uic,UIC,D1,MVC,d1t3,5,9,2,7,9,0,7,10,0,10,3,5,,,,
umbc,UMBC,D1,America East,d1t3,10,6,2,7,4,5,8,7,4,6,6,5,,,,
kansas_city,Kansas City,D1,Summit League,d1t4,7,5,5,4,8,6,14,5,3,12,4,5,,,r16,r32
saint_francis_pa,Saint Francis (PA),D1,NEC,d1t4,6,6,4,7,0,8,7,7,2,8,9,1,,,,
umass,UMass,D1,Summit League,d1t4,7,4,7,7,6,6,13,4,5,6,5,6,,,quarter,
umass_lowell,UMass Lowell,D1,America East,d1t3,2,9,5,2,11,3,6,5,5,7,7,4,,,,
unc_asheville,UNC Asheville,D1,Big South,d1t3,2,11,4,10,5,3,7,4,4,7,7,2,,,,
unc_greensboro,UNC Greensboro,D1,SoCon,d1t3,13,2,6,2,10,5,10,2,5,12,5,6,quarter,,,r16
uncw,UNCW,D1,CAA,d1t3,6,4,7,6,6,4,6,9,5,5,9,2,,,,
unlv,UNLV,D1,Mountain West,d1t3,1,9,7,7,8,4,5,7,5,4,6,6,,,,
usc_upstate,USC Upstate,D1,Big South,d1t3,6,6,5,5,10,2,3,14,0,5,11,3,,,,
utrgv,UTRGV,D1,OVC,d1t4,7,7,3,5,9,1,4,7,5,1,7,2,,,,
utah_tech,Utah Tech,D1,Mountain West,d1t3,4,12,2,9,9,0,4,10,4,4,7,6,,,,
utah_valley,Utah Valley,D1,Big West,d1t3,7,8,1,3,7,7,8,6,4,8,4,3,,,,
vcu,VCU,D1,Atlantic 10,d1t3,3,8,6,7,6,5,4,6,7,6,6,5,,,,
vmi,VMI,D1,SoCon,d1t3,2,14,1,5,13,0,5,11,2,3,12,3,,,,
vermont,Vermont,D1,America East,d1t3,16,4,2,13,6,2,16,2,6,14,1,5,semi,quarter,champion,appearance
villanova,Villanova,D1,Big East,d1t2,6,8,3,1,8,7,1,10,6,7,6,5,,,,
virginia,Virginia,D1,ACC,d1t1,10,4,5,11,4,4,11,7,3,12,2,5,r32,r16,r32,appearance
virginia_tech,Virginia Tech,D1,ACC,d1t1,3,14,1,4,9,4,7,6,4,7,4,5,,,,
wake_forest,Wake Forest,D1,ACC,d1t1,14,6,0,11,3,5,12,5,7,7,4,6,r32,r32,r16,
washington,Washington,D1,Big Ten,d1t1,15,2,3,5,6,7,8,6,7,16,6,2,r32,,r32,champion
west_virginia,West Virginia,D1,Sun Belt,d1t3,7,7,4,17,3,4,13,2,7,13,5,3,,semi,r32,r32
western_illinois,Western Illinois,D1,OVC,d1t4,2,8,7,2,14,1,8,11,1,5,11,4,,,,
western_michigan,Western Michigan,D1,MVC,d1t3,16,3,2,11,1,6,12,3,6,8,10,4,quarter,quarter,r32,r32
william_mary,William & Mary,D1,CAA,d1t3,5,7,6,2,8,6,5,10,1,2,10,4,,,,
winthrop,Winthrop,D1,Big South,d1t3,3,13,1,4,11,2,5,12,1,1,12,3,,,,
wisconsin,Wisconsin,D1,Big Ten,d1t1,6,6,4,6,5,6,7,5,3,8,8,0,,,,
wofford,Wofford,D1,SoCon,d1t3,6,9,2,7,4,6,8,6,3,6,11,2,,,,
wright_state,Wright State,D1,Horizon League,d1t3,4,7,6,4,9,5,7,9,2,2,13,1,,,,
xavier,Xavier,D1,Big East,d1t2,9,2,7,9,4,6,4,8,5,5,6,4,,r32,,
yale,Yale,D1,Ivy League,d1t3,7,4,5,11,6,3,4,11,1,3,9,3,,r16,,
adams_state,Adams State,D2,RMAC,d2t1,1,15,2,0,16,0,2,12,2,1,15,1,,,,
adelphi,Adelphi,D2,Northeast-10,d2t1,9,5,6,9,8,1,9,6,4,9,6,4,,,,
alabama_huntsville,Alabama Huntsville,D2,GSC,d2t1,3,9,4,6,5,6,4,8,3,9,4,4,,,,
american_international,American International,D2,Northeast-10,d2t1,2,9,5,3,6,9,0,10,5,3,10,4,,,,
anderson_sc,Anderson (SC),D2,SAC,d2t1,5,7,3,7,6,3,8,7,1,11,2,6,,,,
ashland,Ashland,D2,GMAC,d2t1,12,7,1,7,9,4,10,7,1,4,9,4,,,,
assumption,Assumption,D2,Northeast-10,d2t1,7,5,4,4,8,4,3,9,4,2,12,1,,,,
auburn_montgomery,Auburn Montgomery,D2,GSC,d2t1,8,6,3,7,4,6,11,3,6,10,5,3,,,,
barry,Barry,D2,Sunshine State,d2t1,12,4,4,13,5,1,6,9,3,5,6,4,,,,
barton,Barton,D2,Conference Carolinas,d2t1,6,7,4,7,7,5,7,5,2,8,8,3,,,,
belmont_abbey,Belmont Abbey,D2,Conference Carolinas,d2t1,3,10,4,10,5,3,8,8,3,6,5,6,,,,
bentley,Bentley,D2,Northeast-10,d2t1,5,9,3,7,7,2,7,5,5,11,3,4,,,,
biola,Biola,D2,PacWest,d2t2,8,4,6,5,8,5,7,9,2,6,7,4,,,,
bridgeport,Bridgeport,D2,CACC,d2t1,10,6,3,10,7,3,7,8,3,9,5,8,,,,
cal_poly_humboldt,Cal Poly Humboldt,D2,CCAA,d2t2,3,7,8,5,7,5,3,11,4,3,12,3,,,,
cal_poly_pomona,Cal Poly Pomona,D2,CCAA,d2t2,11,3,6,14,2,5,13,2,7,7,6,5,,,,
cal_state_dominguez_hills,Cal State Dominguez Hills,D2,CCAA,d2t2,15,2,5,5,6,6,11,5,5,12,4,4,,,,
cal_state_east_bay,Cal State East Bay,D2,CCAA,d2t2,4,9,5,7,7,4,6,8,5,7,6,5,,,,
cal_state_la,Cal State LA,D2,CCAA,d2t2,15,2,3,18,1,3,12,3,6,8,4,7,,,,
cal_state_monterey_bay,Cal State Monterey Bay,D2,CCAA,d2t2,8,8,2,12,5,4,8,4,6,4,8,3,,,,
cal_state_san_bernardino,Cal State San Bernardino,D2,CCAA,d2t2,5,5,7,7,7,4,5,6,6,9,3,8,,,,
cal_state_san_marcos,Cal State San Marcos,D2,CCAA,d2t2,6,9,3,7,8,5,4,7,7,7,8,5,,,,
cal_state_stanislaus,Cal State Stanislaus,D2,CCAA,d2t2,5,7,6,4,10,4,7,6,5,17,2,1,,,,
caldwell,Caldwell,D2,CACC,d2t1,5,10,3,9,6,1,8,6,3,5,9,3,,,,
carsonnewman,Carson-Newman,D2,SAC,d2t1,7,5,5,5,7,5,4,9,3,3,10,3,,,,
catawba,Catawba,D2,SAC,d2t1,9,6,2,9,6,2,6,5,6,5,7,3,,,,
cedarville,Cedarville,D2,GMAC,d2t1,12,10,2,8,6,5,5,9,4,12,2,7,,,,
chaminade,Chaminade,D2,PacWest,d2t2,2,10,2,0,12,3,1,10,3,2,9,2,,,,
charleston_wv,Charleston (WV),D2,MEC,d2t1,20,2,0,19,2,0,22,2,1,17,1,4,,,final,
chestnut_hill,Chestnut Hill,D2,CACC,d2t1,2,11,5,4,7,4,3,10,5,6,10,1,,,,
chico_state,Chico State,D2,CCAA,d2t2,7,5,8,11,2,7,11,3,5,5,7,4,,,,
chowan,Chowan,D2,Conference Carolinas,d2t1,6,6,5,8,4,6,9,5,3,10,4,4,,,,
christian_brothers,Christian Brothers,D2,GSC,d2t1,11,3,6,8,3,6,8,3,6,8,6,3,,,,
clayton_state,Clayton State,D2,Peach Belt,d2t1,10,5,4,15,4,1,13,4,4,8,8,4,,,,
coker,Coker,D2,SAC,d2t1,,,,8,6,3,15,3,1,3,5,7,,,,
colorado_christian,Colorado Christian,D2,RMAC,d2t1,8,7,4,5,6,6,4,6,8,2,13,3,,,,
colorado_mesa,Colorado Mesa,D2,RMAC,d2t1,9,7,1,10,4,5,5,10,2,8,7,3,,,,
colorado_school_of_mines,Colorado School of Mines,D2,RMAC,d2t1,13,5,3,5,6,6,7,10,2,3,10,4,,,,
colorado_statepueblo,Colorado State-Pueblo,D2,RMAC,d2t1,19,4,2,18,5,3,17,4,3,9,3,7,final,final,,
commonwealth_universitybloomsburg,Commonwealth University-Bloomsburg,D2,PSAC,d2t1,14,5,1,11,4,5,15,4,2,10,3,6,,,,
commonwealth_universitylock_haven,Commonwealth University-Lock Haven,D2,PSAC,d2t1,6,7,5,7,8,3,8,8,1,8,7,4,,,,
concord,Concord,D2,Mountain East,d2t1,4,12,2,8,5,7,15,4,3,13,4,3,,,,
converse,Converse,D2,Conference Carolinas,d2t1,13,1,5,12,4,4,9,1,9,7,7,3,,,,
dyouville,D'Youville,D2,ECC,d2t1,1,14,0,0,13,0,5,8,4,4,9,3,,,,
daemen,Daemen,D2,ECC,d2t1,7,7,3,3,11,1,3,10,2,1,16,0,,,,
dallas_baptist,Dallas Baptist,D2,LSC,d2t1,7,6,5,6,8,6,6,5,8,7,7,4,,,,
davenport,Davenport,D2,GLIAC,d2t1,8,8,3,6,5,5,9,8,4,4,8,6,,,,
davis_elkins,Davis & Elkins,D2,Mountain East,d2t1,16,3,1,9,7,4,10,6,3,8,7,4,,,,
delta_state,Delta State,D2,GSC,d2t1,3,7,5,8,8,3,4,6,7,2,10,3,,,,
district_of_columbia,District of Columbia,D2,ECC,d2t1,7,7,2,7,7,6,8,8,4,9,4,4,,,,
dominican_ca,Dominican (CA),D2,PacWest,d2t2,12,6,0,8,5,4,7,9,1,5,10,1,,,,
dominican_college_ny,Dominican College (NY),D2,CACC,d2t1,,,,8,5,4,7,9,1,4,10,3,,,,
drury,Drury,D2,GLVC,d2t1,7,3,7,4,9,5,8,6,4,8,5,5,,,,
east_stroudsburg,East Stroudsburg,D2,PSAC,d2t1,8,9,3,8,3,6,8,4,5,9,7,2,,,,
eastern_new_mexico,Eastern New Mexico,D2,LSC,d2t1,5,8,2,4,7,6,4,7,6,4,7,6,,,,
eckerd,Eckerd,D2,Sunshine State,d2t1,5,6,4,5,6,4,4,11,1,3,8,5,,,,
embryriddle,Embry-Riddle,D2,Sunshine State,d2t1,2,10,3,4,9,2,4,8,3,2,13,2,,,,
emmanuel_ga,Emmanuel (GA),D2,Conference Carolinas,d2t1,6,8,3,8,6,3,8,4,3,7,8,3,,,,
emory_henry,Emory & Henry,D2,SAC,d2t1,0,15,0,0,15,0,0,14,1,8,4,5,,,,
erskine,Erskine,D2,Conference Carolinas,d2t1,1,14,1,1,15,0,3,9,1,2,10,2,,,,
felician,Felician,D2,CACC,d2t1,8,7,3,8,7,3,17,4,3,8,7,3,,,,
findlay,Findlay,D2,GMAC,d2t1,4,8,1,7,6,5,12,4,5,9,6,4,,,,
flagler,Flagler,D2,Peach Belt,d2t1,10,4,3,6,8,4,12,5,3,15,3,6,,,,
florida_southern,Florida Southern,D2,Sunshine State,d2t1,4,5,7,5,6,6,3,7,4,6,9,2,,,,
florida_tech,Florida Tech,D2,Sunshine State,d2t1,10,1,7,13,3,5,10,6,1,8,3,8,,,,
fort_hays_state,Fort Hays State,D2,GAC,d2t1,8,5,6,8,8,2,13,4,4,20,1,3,,,,
fort_lewis,Fort Lewis,D2,RMAC,d2t1,0,11,0,9,5,3,14,4,6,9,4,4,,,,
francis_marion,Francis Marion,D2,Conference Carolinas,d2t1,8,6,5,7,4,6,10,5,7,8,4,5,,,,
franklin_pierce,Franklin Pierce,D2,Northeast-10,d2t1,25,0,1,21,0,2,12,3,5,12,4,4,champion,champion,,
fresno_pacific,Fresno Pacific,D2,CCAA,d2t2,3,11,3,5,9,2,8,7,5,7,9,2,,,,
frostburg_state,Frostburg State,D2,MEC,d2t1,4,9,5,6,11,1,10,8,1,7,9,2,,,,
gannon,Gannon,D2,PSAC,d2t1,13,5,2,18,2,2,14,4,3,15,3,4,,,,
georgia_southwestern,Georgia Southwestern,D2,Peach Belt,d2t1,6,8,4,2,11,3,4,8,3,4,7,5,,,,
georgian_court,Georgian Court,D2,CACC,d2t1,5,10,3,5,9,5,11,8,1,5,9,3,,,,
goldeybeacom,Goldey-Beacom,D2,CACC,d2t1,0,16,2,6,10,2,7,12,0,2,13,3,,,,
harding,Harding,D2,GAC,d2t1,4,11,2,6,11,1,2,13,3,2,14,2,,,,
hawaii_hilo,Hawaii Hilo,D2,PacWest,d2t2,4,8,4,10,6,0,11,6,1,12,6,2,,,,
hawaii_pacific,Hawaii Pacific,D2,PacWest,d2t2,8,6,2,4,11,3,5,9,0,6,8,2,,,,
holy_family,Holy Family,D2,CACC,d2t1,12,6,2,5,8,4,6,9,3,7,9,3,,,,
illinois_springfield,Illinois Springfield,D2,GLVC,d2t1,7,4,8,13,1,7,5,8,5,3,11,3,,,,
indianapolis,Indianapolis,D2,GLVC,d2t1,10,5,3,12,2,7,9,5,4,11,6,3,,,,
jamestown,Jamestown,D2,Independent,d2t1,6,11,1,3,10,4,3,9,3,3,9,0,,,,
jessup,Jessup,D2,PacWest,d2t2,4,10,3,7,8,4,4,8,5,2,11,4,,,,
kentucky_wesleyan,Kentucky Wesleyan,D2,GMAC,d2t1,8,7,3,8,5,6,10,6,4,10,4,7,,,,
king_tn,King (TN),D2,Conference Carolinas,d2t1,2,11,2,3,13,1,4,7,4,5,8,4,,,,
lake_erie,Lake Erie,D2,GMAC,d2t1,12,8,5,11,7,4,9,7,3,5,6,8,,,,
lander,Lander,D2,Peach Belt,d2t1,12,3,6,9,5,4,3,8,6,9,3,6,,,,
lee_tn,Lee (TN),D2,GSC,d2t1,9,4,2,8,6,4,4,7,6,5,7,4,,,,
leesmcrae,Lees-McRae,D2,Conference Carolinas,d2t1,8,3,7,4,8,5,4,5,7,6,6,7,,,,
lenoirrhyne,Lenoir-Rhyne,D2,SAC,d2t1,12,4,3,7,5,6,8,8,1,8,5,4,,,,
lewis,Lewis,D2,GLVC,d2t1,11,5,3,13,4,6,11,3,8,5,6,7,,,,
lincoln_mo,Lincoln (MO),D2,GLVC,d2t1,,,,,,,5,6,5,12,2,6,,,,
lincoln_memorial,Lincoln Memorial,D2,SAC,d2t1,10,8,1,11,5,3,9,4,3,9,7,3,,,,
lubbock_christian,Lubbock Christian,D2,Lone Star,d2t1,7,8,4,6,4,7,6,6,5,8,8,4,,,,
lynn,Lynn,D2,Sunshine State,d2t1,6,4,5,10,3,6,20,0,2,14,3,2,,,champion,
malone,Malone,D2,GMAC,d2t1,4,14,0,2,13,2,5,9,3,3,11,3,,,,
mars_hill,Mars Hill,D2,SAC,d2t1,8,7,2,5,7,6,10,5,4,4,6,7,,,,
maryville_mo,Maryville (MO),D2,GLVC,d2t1,12,5,5,12,4,6,11,5,6,12,6,3,,,,
mckendree,McKendree,D2,GLVC,d2t1,5,5,6,12,2,7,15,1,7,10,6,5,,,,
menlo,Menlo,D2,CCAA,d2t2,7,5,6,10,2,5,10,4,3,11,4,2,,,,
mercy,Mercy,D2,ECC,d2t1,12,3,5,9,4,5,9,3,5,7,6,5,,,,
metro_state_denver,Metro State Denver,D2,RMAC,d2t1,10,6,2,7,8,4,7,8,4,10,5,5,,,,
middle_georgia_state,Middle Georgia State,D2,Peach Belt,d2t1,1,13,1,1,14,0,5,7,5,4,12,2,,,,
midwestern_state,Midwestern State,D2,LSC,d2t1,13,6,3,20,1,1,15,3,3,19,3,3,,,,champion
millersville,Millersville,D2,PSAC,d2t1,10,3,5,14,3,3,9,6,3,11,4,4,,,,
mississippi_college,Mississippi College,D2,GSC,d2t1,11,4,2,12,2,3,8,5,3,15,3,4,,,,
missouri_st,Missouri S&T,D2,GLVC,d2t1,5,7,5,4,9,4,8,6,4,9,6,3,,,,
molloy,Molloy,D2,ECC,d2t1,8,4,8,3,11,3,8,8,4,3,7,7,,,,
monroe_ny,Monroe (NY),D2,ECC,d2t1,14,1,3,12,2,4,7,5,1,9,5,2,,,,
montevallo,Montevallo,D2,GSC,d2t1,8,5,3,3,10,3,6,8,2,5,5,7,,,,
mount_olive,Mount Olive,D2,Conference Carolinas,d2t1,9,6,2,4,8,4,4,7,5,4,9,6,,,,
newberry,Newberry,D2,SAC,d2t1,4,8,3,3,9,2,4,9,1,6,4,4,,,,
newman,Newman,D2,GAC,d2t1,1,14,3,4,10,3,8,10,1,7,5,7,,,,
north_georgia,North Georgia,D2,Peach Belt,d2t1,6,10,2,9,8,2,8,6,3,10,5,5,,,,
northeastern_state,Northeastern State,D2,GAC,d2t1,9,6,3,8,6,4,3,8,7,8,8,3,,,,
northern_michigan,Northern Michigan,D2,GLIAC,d2t1,5,8,4,2,10,4,6,8,2,9,5,6,,,,
northwest_nazarene,Northwest Nazarene,D2,GNAC,d2t2,15,4,3,5,7,6,6,8,4,7,7,4,,,,
northwood,Northwood,D2,GMAC,d2t1,8,6,4,6,8,4,4,11,2,0,12,5,,,,
nova_southeastern,Nova Southeastern,D2,Sunshine State,d2t1,7,6,4,7,7,3,7,5,3,8,4,3,,,,
ohio_dominican,Ohio Dominican,D2,GMAC,d2t1,3,11,3,2,10,4,3,12,2,3,10,5,,,,
oklahoma_christian,Oklahoma Christian,D2,LSC,d2t1,11,5,5,5,9,6,6,8,3,6,10,1,,,,
ouachita_baptist,Ouachita Baptist,D2,GAC,d2t1,1,13,4,0,14,4,3,13,2,6,9,3,,,,
palm_beach_atlantic,Palm Beach Atlantic,D2,Sunshine State,d2t1,8,5,2,6,8,2,6,6,3,13,3,2,,,,
pennwest_california,PennWest California,D2,PSAC,d2t1,4,11,1,4,13,1,5,8,4,2,12,2,,,,
pennwest_johnstown,PennWest Johnstown,D2,PSAC,d2t1,1,12,2,4,9,1,3,13,1,7,8,1,,,,
point_loma_nazarene,Point Loma Nazarene,D2,PacWest,d2t2,9,6,3,13,5,1,11,4,3,16,4,2,,,,
point_park,Point Park,D2,Mountain East,d2t1,6,9,4,10,6,3,6,10,1,8,9,2,,,,
post,Post,D2,CACC,d2t1,16,4,2,13,2,6,13,5,5,9,3,7,,,,
purdue_northwest,Purdue Northwest,D2,GLIAC,d2t1,6,8,4,10,4,4,7,9,2,3,12,3,,,,
queens_cuny,Queens (CUNY),D2,ECC,d2t1,4,10,2,12,8,2,11,5,2,13,3,4,,,,
quincy,Quincy,D2,GLVC,d2t1,3,11,3,5,10,2,5,9,3,8,7,3,,,,
regis_co,Regis (CO),D2,RMAC,d2t1,8,9,2,6,10,2,7,3,9,9,6,4,,,,
roberts_wesleyan,Roberts Wesleyan,D2,ECC,d2t1,11,5,6,7,8,5,9,7,3,10,3,7,,,,
rockhurst,Rockhurst,D2,GLVC,d2t1,7,4,5,7,8,2,6,9,2,12,5,4,,,,
rogers_state,Rogers State,D2,GAC,d2t1,10,4,6,12,6,2,9,5,7,14,4,5,,,,
rollins,Rollins,D2,Sunshine State,d2t1,11,4,4,9,5,3,10,6,1,14,5,5,,,,final
roosevelt,Roosevelt,D2,GLIAC,d2t1,9,7,1,11,6,2,11,4,3,9,4,5,,,,
saginaw_valley_state,Saginaw Valley State,D2,GLIAC,d2t1,14,1,4,6,8,4,16,6,0,11,3,4,,,,
saint_anselm,Saint Anselm,D2,Northeast-10,d2t1,7,9,0,6,9,3,3,9,4,4,6,5,,,,
saint_leo,Saint Leo,D2,Sunshine State,d2t1,7,9,0,4,9,4,3,9,4,5,8,4,,,,
saint_martins,Saint Martin's,D2,GNAC,d2t2,2,14,2,4,8,4,0,18,0,1,17,0,,,,
saint_michaels,Saint Michael's,D2,Northeast-10,d2t1,3,9,4,5,6,4,9,8,1,8,6,3,,,,
salem,Salem,D2,Mountain East,d2t1,9,5,5,2,12,3,4,12,2,7,8,6,,,,
san_francisco_state,San Francisco State,D2,CCAA,d2t2,4,7,6,3,11,3,1,11,5,1,11,5,,,,
seattle_pacific,Seattle Pacific,D2,GNAC,d2t2,7,6,6,5,9,4,8,6,4,12,5,4,,,,
seton_hill,Seton Hill,D2,PSAC,d2t1,8,9,2,6,12,1,10,5,4,11,6,1,,,,
shaw,Shaw,D2,Independent,d2t1,6,7,3,9,10,1,4,9,0,4,8,2,,,,
shawnee_state,Shawnee State,D2,Mountain East,d2t1,11,8,0,6,8,4,8,8,3,7,5,5,,,,
shepherd,Shepherd,D2,PSAC,d2t1,0,11,0,3,11,3,5,9,4,6,11,0,,,,
shippensburg,Shippensburg,D2,PSAC,d2t1,4,8,4,4,9,3,2,13,1,3,9,4,,,,
shorter,Shorter,D2,Conference Carolinas,d2t1,3,10,1,2,14,0,2,12,1,3,13,0,,,,
simon_fraser,Simon Fraser,D2,GNAC,d2t2,11,5,1,11,5,2,6,10,2,6,9,3,,,,
slippery_rock,Slippery Rock,D2,PSAC,d2t1,5,10,2,5,8,4,9,4,5,7,7,3,,,,
south_carolina_aiken,South Carolina Aiken,D2,Peach Belt,d2t1,2,13,1,2,13,1,4,7,5,5,8,4,,,,
south_dakota_mines,South Dakota Mines,D2,RMAC,d2t1,1,14,3,3,15,0,1,14,2,7,7,3,,,,
southern_connecticut_state,Southern Connecticut State,D2,Northeast-10,d2t1,9,5,3,6,8,3,6,8,3,8,5,4,,,,
southern_nazarene,Southern Nazarene,D2,GAC,d2t1,12,6,3,14,5,2,12,5,4,6,8,3,,,,
southern_new_hampshire,Southern New Hampshire,D2,Northeast-10,d2t1,8,6,4,10,6,4,14,2,3,17,3,2,,,,
southern_wesleyan,Southern Wesleyan,D2,Conference Carolinas,d2t1,2,12,1,5,12,1,4,9,2,4,9,3,,,,
southwest_baptist,Southwest Baptist,D2,GLVC,d2t1,0,14,2,2,11,3,2,13,3,7,9,2,,,,
spring_hill,Spring Hill,D2,GSC,d2t1,4,8,4,4,11,2,5,8,3,1,11,1,,,,
st_cloud_state,St. Cloud State,D2,GLIAC,d2t1,3,10,4,3,6,6,9,8,1,4,12,1,,,,
st_marys_tx,St. Mary's (TX),D2,LSC,d2t1,12,2,6,8,5,6,12,4,4,3,8,6,,,,
st_thomas_aquinas,St. Thomas Aquinas,D2,ECC,d2t1,6,6,4,10,2,5,6,8,3,7,8,2,,,,
staten_island,Staten Island,D2,ECC,d2t1,4,11,2,4,7,4,2,12,1,2,7,5,,,,
sul_ross_state,Sul Ross State,D2,LSC,d2t1,0,11,4,1,10,5,6,9,2,5,5,7,,,,
tampa,Tampa,D2,Sunshine State,d2t1,7,7,3,4,5,6,9,6,2,6,5,4,,,,
texas_am_international,Texas A&M International,D2,LSC,d2t1,3,9,6,7,6,5,3,11,2,3,9,5,,,,
thomas_jefferson,Thomas Jefferson,D2,CACC,d2t1,7,7,4,9,9,0,9,7,3,6,8,4,,,,
thomas_more,Thomas More,D2,GMAC,d2t1,10,6,2,10,7,3,8,9,3,9,7,3,,,,
tiffin,Tiffin,D2,GMAC,d2t1,10,4,4,14,3,3,14,6,1,13,2,5,,,,
trevecca_nazarene,Trevecca Nazarene,D2,GSC,d2t1,7,9,1,5,11,2,5,9,3,6,8,3,,,,
truman_state,Truman State,D2,GLVC,d2t1,5,6,6,6,6,4,4,7,5,3,10,3,,,,
tusculum,Tusculum,D2,SAC,d2t1,2,7,5,8,5,3,2,10,2,5,9,1,,,,
uc_merced,UC Merced,D2,CCAA,d2t2,12,3,5,3,10,3,12,1,3,3,10,3,,,,
uccs,UCCS,D2,RMAC,d2t1,11,5,4,10,6,5,14,3,4,12,6,5,,,,
umsl,UMSL,D2,GLVC,d2t1,5,8,3,4,9,2,7,5,6,5,6,6,,,,
ut_dallas,UT Dallas,D2,LSC,d2t1,9,6,4,10,6,5,13,1,2,11,5,2,,,,
ut_tyler,UT Tyler,D2,LSC,d2t1,7,6,3,5,4,8,4,6,7,8,8,3,,,,
union_tn,Union (TN),D2,GSC,d2t1,4,11,1,3,10,2,6,10,1,3,7,6,,,,
upper_iowa,Upper Iowa,D2,GLVC,d2t1,2,13,2,7,7,3,2,12,3,4,11,2,,,,
vanguard,Vanguard,D2,PacWest,d2t2,10,5,3,9,2,6,8,4,3,9,5,4,,,,
virginia_state,Virginia State,D2,Independent,d2t1,2,9,3,2,9,3,2,10,1,2,9,3,,,,
walsh,Walsh,D2,GMAC,d2t1,10,6,3,8,6,4,4,11,3,3,10,5,,,,
west_alabama,West Alabama,D2,GSC,d2t1,6,5,5,8,2,6,5,7,3,5,8,2,,,,
west_chester,West Chester,D2,PSAC,d2t1,10,5,3,11,5,5,8,7,4,10,6,3,,,,
west_florida,West Florida,D2,GSC,d2t1,12,2,5,12,1,6,12,3,4,13,2,5,,,,
west_liberty,West Liberty,D2,Mountain East,d2t1,3,11,4,5,6,7,6,10,3,7,9,4,,,,
west_texas_am,West Texas A&M,D2,LSC,d2t1,6,4,9,7,6,5,6,7,5,6,9,2,,,,
west_virginia_wesleyan,West Virginia Wesleyan,D2,Mountain East,d2t1,7,8,4,8,8,3,4,11,4,4,11,3,,,,
western_oregon,Western Oregon,D2,GNAC,d2t2,2,13,2,11,3,3,14,5,1,11,5,4,,,,
western_washington,Western Washington,D2,GNAC,d2t2,12,4,3,6,6,6,10,5,3,8,8,3,,,,
westminster_ut,Westminster (UT),D2,RMAC,d2t1,10,8,1,8,6,5,6,7,5,11,7,2,,,,
westmont,Westmont,D2,PacWest,d2t2,9,5,2,12,7,3,12,5,4,6,9,2,,,,
wheeling,Wheeling,D2,Mountain East,d2t1,8,11,1,1,13,3,2,12,4,1,15,1,,,,
william_jewell,William Jewell,D2,GLVC,d2t1,3,6,3,0,12,4,5,8,4,3,10,4,,,,
wilmington_de,Wilmington (DE),D2,CACC,d2t1,10,5,5,8,6,4,8,10,2,12,3,6,,,,
wingate,Wingate,D2,SAC,d2t1,10,5,7,12,5,2,6,8,1,3,9,3,,,,
wisconsinparkside,Wisconsin-Parkside,D2,GLIAC,d2t1,12,4,4,9,5,3,6,7,4,5,5,6,,,,
young_harris,Young Harris,D2,Conference Carolinas,d2t1,7,6,3,9,3,6,11,3,4,15,2,3,,,,
adrian,Adrian,D3,MIAA-D3,d3t2,2,14,2,1,13,2,11,4,2,6,13,1,,,,
albertus_magnus,Albertus Magnus,D3,NAC,d3t2,8,6,4,10,3,5,11,5,4,8,8,3,,,,
albion,Albion,D3,MIAA-D3,d3t2,8,7,3,9,7,1,3,6,5,12,3,2,,,,
albright,Albright,D3,MAC Commonwealth,d3t2,3,12,2,9,6,3,7,9,2,5,8,5,,,,
alfred_state,Alfred State,D3,SUNYAC,d3t2,10,6,4,17,4,1,13,3,3,9,4,6,,,,
alfred_university,Alfred University,D3,Empire 8,d3t2,4,8,4,6,7,5,5,10,2,4,9,4,,,,
allegheny,Allegheny,D3,PAC,d3t2,5,8,4,6,11,0,7,11,3,9,8,5,,,,
alma,Alma,D3,MIAA-D3,d3t2,3,11,1,4,11,2,9,8,1,6,10,2,,,,
alvernia,Alvernia,D3,MAC Commonwealth,d3t2,11,5,6,13,7,1,11,9,3,3,9,7,,,,
amherst,Amherst,D3,NESCAC,d3t1,14,1,6,17,3,4,16,2,4,8,6,3,,final,champion,
anderson_in,Anderson (IN),D3,HCAC,d3t1,,,,10,7,2,,,,,,,,,,
anna_maria,Anna Maria,D3,MASCAC,d3t2,,,,,,,,,,,,,,,,
arcadia,Arcadia,D3,MAC Freedom,d3t2,8,5,6,3,8,6,12,6,2,7,5,7,,,,
asbury,Asbury,D3,CCS,d3t2,8,6,4,11,5,4,10,8,3,7,7,4,,,,
augsburg,Augsburg,D3,MIAC,d3t1,10,3,5,8,4,6,12,4,5,18,3,3,,,,
augustana_il,Augustana (IL),D3,CCIW,d3t2,0,14,2,0,14,2,5,7,2,4,8,3,,,,
aurora,Aurora,D3,NACC,d3t2,10,4,6,14,3,4,11,6,4,13,4,3,,,,
austin_college,Austin College,D3,ASC,d3t2,3,12,1,7,8,1,6,12,2,8,7,3,,,,
averett,Averett,D3,ODAC,d3t2,4,9,5,6,5,7,5,6,6,4,8,4,,,,
babson,Babson,D3,NEWMAC,d3t1,15,3,3,11,4,7,17,1,7,11,7,4,,,,
baldwin_wallace,Baldwin Wallace,D3,OAC,d3t2,11,6,2,7,10,2,7,8,5,7,12,2,,,,
bard,Bard,D3,Liberty League,d3t2,4,10,1,6,7,2,6,10,1,8,7,3,,,,
bates,Bates,D3,NESCAC,d3t1,6,5,4,3,11,1,6,7,2,7,6,3,,,,
belhaven,Belhaven,D3,CCS,d3t2,6,7,5,9,4,5,12,4,4,10,6,4,,,,
beloit,Beloit,D3,MWC-D3,d3t2,3,8,4,3,10,2,2,16,0,7,9,4,,,,
benedictine_il,Benedictine (IL),D3,CCIW,d3t2,10,7,4,5,10,1,6,9,2,5,10,3,,,,
berea,Berea,D3,HCAC,d3t1,9,7,3,7,11,1,5,13,2,2,12,3,,,,
berry,Berry,D3,SAA,d3t2,9,2,6,5,7,5,6,5,6,11,6,5,,,,
bethany_wv,Bethany (WV),D3,PAC,d3t2,9,6,6,4,10,3,1,11,4,5,9,3,,,,
bethany_lutheran,Bethany Lutheran,D3,UMAC,d3t2,15,4,3,13,7,2,12,7,3,12,7,2,,,,
bethel_mn,Bethel (MN),D3,MIAC,d3t1,10,9,1,5,8,4,11,8,0,10,6,3,,,,
blackburn,Blackburn,D3,SLIAC,d3t2,4,10,5,2,14,2,3,10,5,5,11,1,,,,
bluffton,Bluffton,D3,HCAC,d3t1,7,8,3,7,8,2,6,7,5,8,10,1,,,,
bob_jones,Bob Jones,D3,ASC,d3t2,15,4,1,11,5,3,17,2,2,6,8,3,,,,
bowdoin,Bowdoin,D3,NESCAC,d3t1,13,2,5,9,3,4,8,6,5,12,4,4,,,,
brandeis,Brandeis,D3,UAA,d3t1,6,8,2,3,8,6,9,5,2,10,4,5,,,,
brevard,Brevard,D3,USA South,d3t2,12,6,3,7,9,4,8,4,3,5,6,4,,,,
bridgewater_va,Bridgewater (VA),D3,ODAC,d3t2,9,6,3,7,4,6,7,6,5,12,5,2,,,,
bridgewater_state,Bridgewater State,D3,MASCAC,d3t2,7,8,4,12,3,5,10,5,3,13,6,1,,,,
bryn_athyn,Bryn Athyn,D3,CSAC,d3t2,3,10,2,5,9,1,2,11,1,2,11,1,,,,
buena_vista,Buena Vista,D3,American Rivers,d3t2,0,15,2,1,15,3,9,11,0,5,11,1,,,,
cairn,Cairn,D3,CSAC,d3t2,9,6,5,8,5,5,11,3,5,5,10,3,,,,
cal_lutheran,Cal Lutheran,D3,SCIAC,d3t1,5,5,8,6,5,7,6,9,5,2,11,5,,,,
caltech,Caltech,D3,SCIAC,d3t1,3,8,2,6,6,4,8,7,3,7,9,1,,,,
calvin,Calvin,D3,MIAA-D3,d3t2,17,3,2,18,2,2,14,6,2,17,4,1,,,,
capital,Capital,D3,OAC,d3t2,5,10,2,10,7,1,7,9,4,4,10,3,,,,
carleton,Carleton,D3,MIAC,d3t1,8,7,3,15,3,2,12,5,3,9,5,3,,,,
carlow,Carlow,D3,AMCC,d3t2,3,14,1,2,13,1,3,13,0,2,12,0,,,,
carnegie_mellon,Carnegie Mellon,D3,UAA,d3t1,11,5,1,7,6,4,8,4,5,9,4,5,,,,
carroll_wi,Carroll (WI),D3,MWC-D3,d3t2,,,,7,9,1,9,4,5,6,10,2,,,,
carthage,Carthage,D3,CCIW,d3t2,8,7,5,11,6,2,6,8,2,3,9,4,,,,
case_western_reserve,Case Western Reserve,D3,UAA,d3t1,10,3,4,10,3,4,5,5,6,7,5,5,,,,
catholic,Catholic,D3,Landmark,d3t2,13,4,4,12,7,2,10,6,5,14,1,6,,,,
centenary_la,Centenary (LA),D3,SLIAC,d3t2,4,10,4,,,,5,11,4,3,11,3,,,,
centenary_nj,Centenary (NJ),D3,CSAC,d3t2,4,10,4,2,13,0,5,11,4,3,11,3,,,,
central_ia,Central (IA),D3,American Rivers,d3t2,3,11,2,7,8,2,8,9,2,9,4,5,,,,
centre,Centre,D3,SAA,d3t2,2,12,2,8,7,3,11,4,3,3,9,6,,,,
chapman,Chapman,D3,SCIAC,d3t1,11,3,6,6,5,6,6,9,6,6,6,5,,,,
chatham,Chatham,D3,PAC,d3t2,3,10,3,6,9,3,7,6,6,4,9,6,,,,
christopher_newport,Christopher Newport,D3,C2C,d3t2,13,4,2,11,5,2,6,7,5,13,3,5,,,,
claremontmuddscripps,Claremont-Mudd-Scripps,D3,SCIAC,d3t1,4,3,5,8,3,6,16,4,3,4,10,6,,,,
clark_ma,Clark (MA),D3,NEWMAC,d3t1,2,14,1,4,9,4,5,9,4,5,9,3,,,,
clarkson,Clarkson,D3,Liberty League,d3t2,9,4,3,9,5,1,7,2,8,7,5,5,,,,
coe,Coe,D3,American Rivers,d3t2,2,14,1,8,7,2,6,11,1,4,9,4,,,,
colby,Colby,D3,NESCAC,d3t1,4,4,7,6,6,2,6,8,1,5,4,6,,,,
colbysawyer,Colby-Sawyer,D3,CCC,d3t2,5,11,3,3,11,4,7,10,2,4,10,4,,,,
college_of_wooster,College of Wooster,D3,NCAC,d3t2,5,7,5,6,8,3,7,9,2,11,2,6,,,,
colorado_college,Colorado College,D3,SCAC,d3t2,8,3,6,15,3,3,16,3,3,12,1,6,,,,
concordia_mn,Concordia (MN),D3,MIAC,d3t1,3,14,1,4,11,2,1,13,3,0,13,4,,,,
concordia_chicago,Concordia Chicago,D3,NACC,d3t2,3,10,2,,,,,,,1,15,2,,,,
concordia_texas,Concordia Texas,D3,ASC,d3t2,10,3,4,9,6,3,9,5,4,9,4,5,,,,
concordia_wisconsin,Concordia Wisconsin,D3,NACC,d3t2,9,4,5,6,9,2,5,10,3,4,10,4,,,,
connecticut_college,Connecticut College,D3,NESCAC,d3t1,7,6,5,12,2,7,14,3,7,12,3,6,,,final,
cornell_college,Cornell College,D3,MWC-D3,d3t2,8,6,3,6,8,5,4,12,1,7,9,1,,,,
covenant,Covenant,D3,CCS,d3t2,13,4,6,10,5,3,12,3,3,8,5,5,,,,
crown_mn,Crown (MN),D3,UMAC,d3t2,8,14,3,10,10,4,14,10,2,7,12,4,,,,
curry,Curry,D3,CCC,d3t2,6,5,5,9,7,3,6,10,4,5,13,2,,,,
depauw,DePauw,D3,NCAC,d3t2,6,7,5,7,7,4,10,5,6,12,3,5,,,,
desales,DeSales,D3,MAC Freedom,d3t2,6,10,2,5,7,5,12,5,3,4,11,3,,,,
dean_college,Dean College,D3,NECC,d3t2,4,8,4,9,5,3,3,13,1,8,9,2,,,,
delaware_valley,Delaware Valley,D3,MAC Freedom,d3t2,6,9,0,3,10,4,9,8,2,10,5,2,,,,
denison,Denison,D3,NCAC,d3t2,10,5,3,12,5,3,15,2,6,15,3,3,,,,
dickinson,Dickinson,D3,Centennial,d3t1,7,7,4,9,7,2,17,4,3,16,0,8,,,,
dominican_il,Dominican (IL),D3,NACC,d3t2,10,4,3,14,4,3,12,5,4,7,8,4,,,,
drew,Drew,D3,Landmark,d3t2,12,2,4,10,7,2,7,9,3,11,6,3,,,,
earlham,Earlham,D3,HCAC,d3t1,3,12,1,4,9,4,4,11,2,3,11,3,,,,
east_texas_baptist,East Texas Baptist,D3,ASC,d3t2,7,7,3,3,8,5,8,10,1,9,9,1,,,,
eastern_pa,Eastern (PA),D3,MAC Commonwealth,d3t2,6,8,3,4,8,4,5,8,5,6,9,3,,,,
eastern_connecticut,Eastern Connecticut,D3,LEC,d3t2,12,6,2,6,7,4,4,8,4,8,7,2,,,,
eastern_mennonite,Eastern Mennonite,D3,ODAC,d3t2,1,10,6,7,7,4,6,6,8,7,7,5,,,,
edgewood,Edgewood,D3,NACC,d3t2,1,15,1,8,9,3,17,2,2,16,3,2,,,,
elizabethtown,Elizabethtown,D3,Landmark,d3t2,8,6,5,8,7,3,7,9,3,3,11,4,,,,
elmhurst,Elmhurst,D3,CCIW,d3t2,7,8,3,7,10,2,6,9,4,5,12,2,,,,
elmira,Elmira,D3,Empire 8,d3t2,9,6,3,7,7,5,7,9,4,10,4,5,,,,
elms,Elms,D3,CCC,d3t2,4,12,1,2,12,3,3,13,2,6,11,2,,,,
emerson,Emerson,D3,NEWMAC,d3t1,10,3,6,7,7,4,7,10,2,6,8,5,,,,
emmanuel_ma,Emmanuel (MA),D3,CCC,d3t2,7,5,7,6,11,1,10,6,3,7,4,7,,,,
emory,Emory,D3,UAA,d3t1,5,8,5,12,3,4,8,7,2,16,2,4,,,,
endicott,Endicott,D3,CCC,d3t2,12,5,4,8,7,4,12,5,2,10,8,2,,,,
eureka,Eureka,D3,SLIAC,d3t2,5,11,3,5,11,4,3,13,2,7,10,3,,,,
fduflorham,FDU-Florham,D3,MAC Freedom,d3t2,9,5,6,9,3,7,12,8,1,11,4,5,,,,
ferrum,Ferrum,D3,ODAC,d3t2,4,8,3,4,12,0,4,10,3,5,9,3,,,,
fitchburg_state,Fitchburg State,D3,MASCAC,d3t2,1,14,1,4,11,3,9,8,3,4,10,4,,,,
framingham_state,Framingham State,D3,MASCAC,d3t2,11,6,2,11,8,1,1,13,3,5,10,3,,,,
franciscan_oh,Franciscan (OH),D3,PAC,d3t2,12,4,5,12,6,3,13,2,5,11,10,2,,,,
franklin,Franklin,D3,HCAC,d3t1,3,11,1,3,10,4,0,14,4,2,14,1,,,,
franklin_marshall,Franklin & Marshall,D3,Centennial,d3t1,13,2,5,14,3,3,10,3,7,3,11,3,,,,
fredonia_state,Fredonia State,D3,SUNYAC,d3t2,4,9,3,5,8,4,8,9,2,8,7,4,,,,
gallaudet,Gallaudet,D3,CSAC,d3t2,3,11,1,1,14,0,2,14,0,1,13,0,,,,
geneva,Geneva,D3,PAC,d3t2,10,4,7,12,5,4,12,3,5,7,10,2,,,,
george_fox,George Fox,D3,NWC,d3t2,5,11,4,5,11,4,14,5,1,5,9,6,,,,
gettysburg,Gettysburg,D3,Centennial,d3t1,9,4,5,5,7,4,5,7,5,10,6,3,,,,
gordon,Gordon,D3,CCC,d3t2,6,10,3,8,2,6,6,5,8,9,7,2,,,,
goucher,Goucher,D3,Landmark,d3t2,10,5,5,10,8,3,7,8,3,9,8,3,,,,
grace_christian,Grace Christian,D3,NEAC,d3t2,16,4,2,7,8,5,11,8,3,11,8,3,,,,
greensboro,Greensboro,D3,USA South,d3t2,4,8,7,0,15,1,2,13,3,8,6,4,,,,
greenville,Greenville,D3,SLIAC,d3t2,9,6,3,4,8,4,3,3,8,11,6,3,,,,
grinnell,Grinnell,D3,MWC-D3,d3t2,10,8,1,9,6,5,8,6,5,6,8,5,,,,
grove_city,Grove City,D3,PAC,d3t2,12,5,1,9,6,5,12,4,3,15,3,2,,,,
guilford,Guilford,D3,ODAC,d3t2,6,8,4,2,14,1,3,12,1,4,12,2,,,,
gustavus_adolphus,Gustavus Adolphus,D3,MIAC,d3t1,15,2,6,11,4,7,16,2,3,14,6,1,,,,
gwynedd_mercy,Gwynedd Mercy,D3,Atlantic East,d3t2,1,16,1,4,8,6,2,16,2,8,11,0,,,,
hamilton,Hamilton,D3,NESCAC,d3t1,8,4,4,6,5,5,8,6,4,7,5,3,,,,
hamline,Hamline,D3,MIAC,d3t1,5,12,0,8,6,3,14,6,0,9,8,3,,,,
hampdensydney,Hampden-Sydney,D3,ODAC,d3t2,9,7,3,6,6,6,9,6,3,14,4,2,,,,
hanover,Hanover,D3,HCAC,d3t1,10,4,5,9,7,2,9,5,5,14,4,3,,,,
hardinsimmons,Hardin-Simmons,D3,ASC,d3t2,6,8,4,8,6,5,12,6,2,6,9,3,,,,
hartwick,Hartwick,D3,Empire 8,d3t2,6,9,3,8,5,4,8,8,2,5,10,2,,,,
haverford,Haverford,D3,Centennial,d3t1,4,8,5,5,4,8,2,11,5,10,0,10,,,,
heidelberg,Heidelberg,D3,OAC,d3t2,0,17,1,3,14,1,1,14,2,2,16,0,,,,
hendrix,Hendrix,D3,ASC,d3t2,8,4,4,5,8,2,4,7,4,8,7,3,,,,
hilbert,Hilbert,D3,AMCC,d3t2,5,10,2,5,11,0,4,9,3,4,7,3,,,,
hiram,Hiram,D3,PAC,d3t2,1,15,0,4,13,1,3,12,2,7,8,3,,,,
hobart_william_smith,Hobart & William Smith,D3,Liberty League,d3t2,8,5,5,12,6,2,5,6,6,13,1,5,,,,
hood,Hood,D3,MAC Commonwealth,d3t2,3,13,2,3,15,1,4,12,2,10,6,2,,,,
hope,Hope,D3,MIAA-D3,d3t2,7,5,6,11,4,3,14,3,3,11,6,2,,,,
houghton,Houghton,D3,Empire 8,d3t2,5,11,2,3,10,4,3,12,2,4,12,1,,,,
howard_payne,Howard Payne,D3,ASC,d3t2,6,7,4,3,12,2,0,15,4,1,13,3,,,,
huntingdon,Huntingdon,D3,CCS,d3t2,1,13,2,3,10,3,3,10,1,2,12,3,,,,
husson,Husson,D3,NAC,d3t2,15,4,2,13,5,3,8,6,4,7,9,4,,,,
illinois_college,Illinois College,D3,MWC-D3,d3t2,9,8,2,10,5,3,13,5,2,8,3,5,,,,
illinois_tech,Illinois Tech,D3,NACC,d3t2,10,8,1,6,9,6,9,7,3,11,6,3,,,,
illinois_wesleyan,Illinois Wesleyan,D3,CCIW,d3t2,6,8,2,6,7,5,9,5,4,13,3,4,,,,
immaculata,Immaculata,D3,Atlantic East,d3t2,7,8,3,4,7,6,7,9,1,3,12,2,,,,
ithaca,Ithaca,D3,Liberty League,d3t2,3,9,5,8,6,4,7,7,4,7,6,4,,,,
john_carroll,John Carroll,D3,NCAC,d3t2,16,5,1,14,6,2,12,6,2,7,8,4,,,,
johns_hopkins,Johns Hopkins,D3,Centennial,d3t1,15,1,8,13,5,4,13,3,5,8,7,6,,,,
johnson_wales_charlotte,Johnson & Wales (Charlotte),D3,C2C,d3t2,11,5,5,14,1,5,6,4,5,10,7,3,,,,
johnson_wales_providence,Johnson & Wales (Providence),D3,CCC,d3t2,15,2,3,14,2,5,15,3,3,8,6,4,,,,
juniata,Juniata,D3,Landmark,d3t2,8,9,1,6,9,1,13,3,6,10,5,7,,,,
kalamazoo,Kalamazoo,D3,MIAA-D3,d3t2,5,8,6,7,9,2,5,10,3,4,9,4,,,,
kean,Kean,D3,NJAC,d3t2,6,8,4,11,2,6,5,9,6,3,12,4,,,,
keene_state,Keene State,D3,LEC,d3t2,5,12,2,9,6,2,4,11,3,8,6,3,,,,
kenyon,Kenyon,D3,NCAC,d3t2,19,2,1,16,4,1,13,3,5,7,4,7,,,,
keuka,Keuka,D3,Empire 8,d3t2,3,10,2,1,10,3,0,15,0,1,15,0,,,,
keystone,Keystone,D3,United East,d3t2,7,9,2,4,12,3,3,12,2,3,12,1,,,,
kings_pa,King's (PA),D3,MAC Freedom,d3t2,5,12,2,5,8,3,7,6,4,2,11,6,,,,
knox,Knox,D3,MWC-D3,d3t2,5,11,1,6,6,5,7,7,4,7,5,4,,,,
la_roche,La Roche,D3,AMCC,d3t2,1,15,2,1,13,3,7,8,2,4,13,1,,,,
lagrange,LaGrange,D3,CCS,d3t2,11,5,2,6,9,1,4,11,1,5,4,8,,,,
lake_forest,Lake Forest,D3,MWC-D3,d3t2,8,9,3,7,9,4,10,8,3,19,2,0,,,,
lakeland,Lakeland,D3,NACC,d3t2,3,11,3,4,12,2,4,14,1,7,10,2,,,,
lancaster_bible,Lancaster Bible,D3,CSAC,d3t2,12,5,3,9,9,2,5,10,3,8,7,3,,,,
lasell,Lasell,D3,CCC,d3t2,6,10,3,4,10,3,4,10,5,4,12,2,,,,
lawrence,Lawrence,D3,MWC-D3,d3t2,5,8,6,11,5,3,7,8,4,8,9,2,,,,
letourneau,LeTourneau,D3,ASC,d3t2,7,7,6,6,5,5,5,9,6,7,7,5,,,,
lebanon_valley,Lebanon Valley,D3,MAC Freedom,d3t2,7,9,2,13,2,4,9,8,2,10,4,6,,,,
lesley,Lesley,D3,NAC,d3t2,0,14,0,3,13,1,3,12,1,3,11,4,,,,
lewis_clark,Lewis & Clark,D3,NWC,d3t2,,,,0,19,1,0,20,0,0,17,3,,,,
linfield,Linfield,D3,NWC,d3t2,5,13,1,5,12,3,3,15,2,2,14,4,,,,
loras,Loras,D3,American Rivers,d3t2,10,6,2,12,4,4,9,5,7,11,2,6,,,,
luther,Luther,D3,MWC-D3,d3t2,12,4,5,6,8,6,8,4,6,10,3,7,,,,
lycoming,Lycoming,D3,MAC Freedom,d3t2,10,4,7,11,4,6,10,5,5,7,7,5,,,,
lyon_college,Lyon College,D3,SLIAC,d3t2,3,13,3,11,6,1,11,5,4,10,7,3,,,,
mit,MIT,D3,NEWMAC,d3t1,8,8,1,6,8,2,8,8,3,4,9,4,,,,
macalester,Macalester,D3,MIAC,d3t1,8,6,3,11,3,5,12,6,0,17,5,0,,,,
maine_maritime,Maine Maritime,D3,NAC,d3t2,5,10,1,8,7,2,8,8,2,7,5,5,,,,
manchester,Manchester,D3,HCAC,d3t1,6,8,5,10,1,8,4,7,5,3,10,4,,,,
manhattanville,Manhattanville,D3,Skyline,d3t2,9,5,4,9,4,6,13,8,1,8,11,1,,,,
marian_wi,Marian (WI),D3,NACC,d3t2,10,7,2,3,8,4,3,11,5,5,10,4,,,,
marietta,Marietta,D3,OAC,d3t2,5,10,3,6,12,1,6,10,2,5,12,2,,,,
martin_luther,Martin Luther,D3,UMAC,d3t2,3,14,2,4,14,1,4,14,2,0,16,1,,,,
mary_baldwin,Mary Baldwin,D3,USA South,d3t2,2,13,1,1,15,0,3,12,2,2,13,1,,,,
marymount_va,Marymount (VA),D3,CSAC,d3t2,12,7,1,10,7,3,11,5,5,9,8,4,,,,
maryville_tn,Maryville (TN),D3,SAA,d3t2,5,8,5,7,6,6,7,9,3,9,4,6,,,,
marywood,Marywood,D3,MAC Freedom,d3t2,7,11,0,8,9,2,6,9,4,8,9,1,,,,
massachusetts_college_of_liberal_arts,Massachusetts College of Liberal Arts,D3,MASCAC,d3t2,5,11,1,5,7,3,7,8,2,3,12,0,,,,
massachusetts_maritime,Massachusetts Maritime,D3,MASCAC,d3t2,2,12,3,3,10,3,7,5,5,8,6,3,,,,
mcdaniel,McDaniel,D3,Centennial,d3t1,10,4,3,5,7,5,10,8,2,9,6,4,,,,
mcmurry,McMurry,D3,ASC,d3t2,5,9,3,2,9,5,4,13,1,4,13,1,,,,
messiah,Messiah,D3,MAC Commonwealth,d3t2,20,0,2,20,1,1,14,6,2,13,8,2,,,,
methodist,Methodist,D3,USA South,d3t2,9,3,5,10,4,2,6,8,4,6,4,11,,,,
middlebury,Middlebury,D3,NESCAC,d3t1,10,5,3,15,2,4,17,2,4,10,6,2,,,,
millikin,Millikin,D3,CCIW,d3t2,0,12,3,6,9,1,10,5,2,6,10,1,,,,
millsaps,Millsaps,D3,SAA,d3t2,2,14,2,1,13,3,3,11,2,7,8,2,,,,
monmouth_il,Monmouth (IL),D3,MWC-D3,d3t2,4,11,2,3,11,2,3,11,2,3,9,3,,,,
montclair_state,Montclair State,D3,NJAC,d3t2,15,2,4,19,2,2,12,5,2,12,2,5,,,,
moravian,Moravian,D3,MAC Freedom,d3t2,5,8,4,6,7,5,9,5,5,9,6,4,,,,
mount_st_joseph,Mount St. Joseph,D3,HCAC,d3t1,4,14,1,2,15,0,4,12,1,6,10,3,,,,
mount_union,Mount Union,D3,OAC,d3t2,9,4,5,16,2,2,15,5,1,13,3,4,,,,
muhlenberg,Muhlenberg,D3,Centennial,d3t1,8,6,8,13,4,2,12,4,6,8,3,9,,,,
muskingum,Muskingum,D3,OAC,d3t2,2,14,0,3,14,1,4,13,2,8,10,1,,,,
nazareth,Nazareth,D3,Empire 8,d3t2,7,5,5,10,4,2,10,4,4,7,7,3,,,,
new_england_college,New England College,D3,CCC,d3t2,9,8,3,9,7,4,4,7,6,7,8,3,,,,
new_jersey_city,New Jersey City,D3,NJAC,d3t2,12,6,2,7,7,3,6,10,3,4,11,4,,,,
new_york_university,New York University,D3,UAA,d3t1,9,5,3,5,6,5,6,6,3,4,9,2,,,,
nichols,Nichols,D3,CCC,d3t2,10,7,3,7,8,3,4,11,2,4,10,3,,,,
north_carolina_wesleyan,North Carolina Wesleyan,D3,USA South,d3t2,9,7,1,9,6,4,9,4,4,9,9,2,,,,
north_central_il,North Central (IL),D3,CCIW,d3t2,7,13,1,7,12,1,7,13,1,4,15,1,,,,
north_park,North Park,D3,CCIW,d3t2,15,3,3,10,5,3,13,3,5,10,7,2,,,,
oberlin,Oberlin,D3,NCAC,d3t2,5,7,3,3,8,6,6,10,2,4,13,2,,,,
oglethorpe,Oglethorpe,D3,SAA,d3t2,5,6,5,14,3,2,9,3,6,6,9,2,,,,
ohio_northern,Ohio Northern,D3,OAC,d3t2,15,4,3,14,6,3,14,5,3,12,1,6,,,,
ohio_wesleyan,Ohio Wesleyan,D3,NCAC,d3t2,11,5,4,13,6,1,12,5,3,7,5,6,,,,
olivet,Olivet,D3,MIAA-D3,d3t2,4,9,4,5,7,6,5,10,1,2,9,4,,,,
otterbein,Otterbein,D3,OAC,d3t2,12,3,3,12,4,4,12,7,3,11,3,6,,,,
pacific_lutheran,Pacific Lutheran,D3,NWC,d3t2,18,4,0,14,2,5,13,3,5,13,4,3,,,,
penn_state_behrend,Penn State Behrend,D3,AMCC,d3t2,15,3,5,13,5,3,11,7,3,12,4,2,,,,
penn_state_harrisburg,Penn State Harrisburg,D3,United East,d3t2,10,3,7,8,5,7,14,4,3,11,7,3,,,,
plattsburgh_state,Plattsburgh State,D3,SUNYAC,d3t2,8,8,3,7,3,6,11,2,5,10,3,5,,,,
plymouth_state,Plymouth State,D3,LEC,d3t2,7,7,3,4,7,5,9,9,2,4,12,1,,,,
pomonapitzer,Pomona-Pitzer,D3,SCIAC,d3t1,7,7,2,4,6,6,4,8,4,10,5,3,,,,
puget_sound,Puget Sound,D3,NWC,d3t2,9,6,5,8,5,5,6,5,8,7,7,5,,,,
randolphmacon,Randolph-Macon,D3,ODAC,d3t2,8,6,3,6,7,3,9,7,2,8,6,4,,,,
rensselaer,Rensselaer,D3,Liberty League,d3t2,6,7,5,9,7,2,3,11,3,4,8,5,,,,
rhode_island_college,Rhode Island College,D3,LEC,d3t2,4,8,4,9,5,5,11,6,3,4,8,7,,,,
rhodes,Rhodes,D3,SAA,d3t2,9,2,6,12,2,3,11,5,0,3,8,3,,,,
ripon,Ripon,D3,MWC-D3,d3t2,8,8,3,6,4,7,13,6,1,10,7,2,,,,
roanoke,Roanoke,D3,ODAC,d3t2,10,7,2,7,10,1,8,3,6,8,10,0,,,,
rochester,Rochester,D3,UAA,d3t1,6,5,5,9,3,6,9,4,4,9,5,4,,,,
rochester_institute_of_technology,Rochester Institute of Technology,D3,Liberty League,d3t2,8,5,5,4,6,5,7,10,1,6,6,4,,,,
roger_williams,Roger Williams,D3,CCC,d3t2,14,3,5,8,4,9,11,7,4,13,2,6,,,,
rosehulman,Rose-Hulman,D3,HCAC,d3t1,13,2,4,12,6,3,10,5,3,10,5,4,,,,
rowan,Rowan,D3,NJAC,d3t2,12,5,6,9,4,5,12,5,5,17,4,4,,,,
rutgerscamden,Rutgers-Camden,D3,NJAC,d3t2,7,8,7,8,8,3,9,7,5,7,8,4,,,,
rutgersnewark,Rutgers-Newark,D3,NJAC,d3t2,11,6,6,6,9,4,11,8,4,11,9,2,,,,
scad,SCAD,D3,ASC,d3t2,5,11,0,6,8,4,11,4,3,7,7,4,,,,
suny_cortland,SUNY Cortland,D3,SUNYAC,d3t2,13,6,3,16,3,3,15,3,6,14,1,6,,,,
suny_geneseo,SUNY Geneseo,D3,SUNYAC,d3t2,9,5,4,9,7,3,8,4,6,13,6,3,,,,
suny_new_paltz,SUNY New Paltz,D3,SUNYAC,d3t2,9,5,3,9,3,4,9,8,2,10,4,4,,,,
suny_old_westbury,SUNY Old Westbury,D3,Skyline,d3t2,1,11,3,4,9,2,6,10,1,7,10,0,,,,
suny_oneonta,SUNY Oneonta,D3,SUNYAC,d3t2,15,3,3,15,4,3,11,3,4,12,5,4,,,,
suny_oswego,SUNY Oswego,D3,SUNYAC,d3t2,5,8,2,2,6,7,3,7,6,3,7,6,,,,
suny_potsdam,SUNY Potsdam,D3,SUNYAC,d3t2,5,8,4,4,11,1,6,9,3,5,11,1,,,,
saint_john_fisher,Saint John Fisher,D3,Empire 8,d3t2,7,5,4,6,4,7,11,5,5,6,9,2,,,,
saint_josephs_me,Saint Joseph's (ME),D3,NAC,d3t2,13,5,1,12,4,3,8,8,3,8,9,1,,,,
saint_lawrence,Saint Lawrence,D3,Liberty League,d3t2,13,2,6,7,6,4,9,2,7,,,,,,,
saint_marys_mn,Saint Mary's (MN),D3,MIAC,d3t1,3,12,3,6,6,5,8,9,1,4,11,3,,,,
saint_olaf,Saint Olaf,D3,MIAC,d3t1,15,5,2,20,3,3,15,4,4,20,3,3,,champion,,
saint_vincent,Saint Vincent,D3,PAC,d3t2,5,9,4,6,10,2,2,11,6,11,4,5,,,,
salisbury,Salisbury,D3,C2C,d3t2,5,12,2,7,5,5,5,7,5,9,6,5,,,,
salve_regina,Salve Regina,D3,NEWMAC,d3t1,8,3,7,6,10,2,10,8,3,6,4,6,,,,
scranton,Scranton,D3,Landmark,d3t2,11,7,2,8,4,5,8,5,6,13,1,6,,,,
shenandoah,Shenandoah,D3,ODAC,d3t2,4,6,6,9,5,4,10,7,3,5,9,4,,,,
simpson_ia,Simpson (IA),D3,American Rivers,d3t2,12,4,3,8,10,0,8,9,2,5,7,8,,,,
skidmore,Skidmore,D3,Liberty League,d3t2,9,4,6,4,10,2,6,4,7,10,4,3,,,,
southern_maine,Southern Maine,D3,LEC,d3t2,6,5,7,4,10,5,2,10,6,5,4,10,,,,
southern_virginia,Southern Virginia,D3,USA South,d3t2,2,12,3,8,6,4,10,4,3,5,11,2,,,,
southwestern_tx,Southwestern (TX),D3,ASC,d3t2,8,6,2,10,3,3,11,3,4,15,2,3,,,,
springfield,Springfield,D3,NEWMAC,d3t1,3,11,2,5,7,5,6,9,4,7,9,2,,,,
st_josephs_ny,St. Joseph's (NY),D3,Skyline,d3t2,6,4,5,8,7,2,13,2,2,13,5,1,,,,
st_marys_college_of_maryland,St. Mary's College of Maryland,D3,United East,d3t2,11,4,5,11,7,4,11,7,3,13,6,1,,,,
st_norbert,St. Norbert,D3,NACC,d3t2,7,7,5,8,7,4,5,9,4,11,8,0,,,,
st_scholastica,St. Scholastica,D3,MIAC,d3t1,6,9,3,2,14,1,3,15,1,4,12,4,,,,
stevens_tech,Stevens Tech,D3,MAC Freedom,d3t2,17,1,5,11,3,6,12,3,5,9,4,6,,,,
stevenson,Stevenson,D3,MAC Commonwealth,d3t2,5,10,5,4,10,5,3,10,6,11,7,2,,,,
stockton,Stockton,D3,NJAC,d3t2,10,6,3,11,4,5,9,6,6,10,5,5,,,,
suffolk,Suffolk,D3,CCC,d3t2,10,6,5,10,5,4,10,7,5,13,3,4,,,,
susquehanna,Susquehanna,D3,MAC Freedom,d3t2,2,12,3,3,10,3,8,7,3,5,10,3,,,,
swarthmore,Swarthmore,D3,Centennial,d3t1,6,7,4,5,7,5,10,5,2,5,6,6,,,,
trine,Trine,D3,MIAA-D3,d3t2,9,7,3,7,7,3,7,7,3,1,13,3,,,,
trinity_ct,Trinity (CT),D3,NESCAC,d3t1,1,11,3,5,8,2,2,13,0,3,9,3,,,,
trinity_tx,Trinity (TX),D3,SCAC,d3t2,9,5,3,12,3,4,19,1,3,20,2,1,,,,final
tufts,Tufts,D3,NESCAC,d3t1,8,3,7,14,4,3,12,0,6,20,1,3,,,,champion
union_ny,Union (NY),D3,Liberty League,d3t2,5,8,3,8,6,5,6,8,5,7,6,6,,,,
university_of_chicago,University of Chicago,D3,UAA,d3t1,22,0,1,11,3,6,7,8,3,12,3,5,champion,,,
university_of_new_england,University of New England,D3,CCC,d3t2,0,16,2,1,12,5,5,8,5,2,12,3,,,,
ursinus,Ursinus,D3,Centennial,d3t1,4,10,3,8,7,2,8,7,2,4,11,2,,,,
utica,Utica,D3,Empire 8,d3t2,8,9,2,5,9,3,3,9,7,9,5,5,,,,
virginia_wesleyan,Virginia Wesleyan,D3,ODAC,d3t2,12,4,4,13,3,3,13,4,3,12,6,1,,,,
wartburg,Wartburg,D3,American Rivers,d3t2,7,2,9,12,2,6,11,5,4,8,8,2,,,,
washington_jefferson,Washington & Jefferson,D3,PAC,d3t2,6,8,2,4,7,5,7,11,1,9,8,2,,,,
washington_lee,Washington & Lee,D3,ODAC,d3t2,19,2,2,15,3,3,13,4,4,19,2,2,,,,
washington_mo,Washington (MO),D3,UAA,d3t1,6,6,2,7,8,1,8,5,3,14,4,1,,,,
washington_college_md,Washington College (MD),D3,Centennial,d3t1,7,5,6,14,3,6,8,5,6,6,7,5,,,,
waynesburg,Waynesburg,D3,PAC,d3t2,3,9,5,10,7,2,7,6,4,7,6,5,,,,
webster,Webster,D3,SLIAC,d3t2,14,3,3,8,10,3,9,5,4,8,7,1,,,,
wentworth,Wentworth,D3,CCC,d3t2,4,11,3,3,13,1,6,11,2,4,11,4,,,,
wesleyan_ct,Wesleyan (CT),D3,NESCAC,d3t1,8,5,3,5,6,5,8,5,5,10,5,4,,,,
western_connecticut,Western Connecticut,D3,LEC,d3t2,20,0,2,15,5,3,15,5,3,13,6,3,,,,
western_new_england,Western New England,D3,CCC,d3t2,10,7,3,6,7,7,9,9,4,9,8,3,,,,
westfield_state,Westfield State,D3,MASCAC,d3t2,3,10,5,7,8,2,9,7,5,10,4,4,,,,
westminster_mo,Westminster (MO),D3,SLIAC,d3t2,3,11,5,5,10,2,3,10,5,10,5,2,,,,
westminster_pa,Westminster (PA),D3,PAC,d3t2,9,6,3,5,8,4,5,9,3,1,13,4,,,,
wheaton_il,Wheaton (IL),D3,CCIW,d3t2,8,5,4,11,5,2,10,7,1,11,3,4,,,,
wheaton_ma,Wheaton (MA),D3,NEWMAC,d3t1,9,5,6,8,5,6,6,5,7,17,2,4,,,,
whitman,Whitman,D3,NWC,d3t2,12,7,1,8,7,5,12,6,2,14,1,6,,,,
whitworth,Whitworth,D3,NWC,d3t2,8,9,3,12,4,4,10,7,3,7,5,5,,,,
widener,Widener,D3,MAC Commonwealth,d3t2,11,6,2,13,4,2,9,7,4,2,9,6,,,,
wilkes,Wilkes,D3,MAC Freedom,d3t2,7,9,3,3,8,5,4,15,1,1,13,4,,,,
williams,Williams,D3,NESCAC,d3t1,10,2,11,8,6,2,12,4,4,10,5,4,final,,,
wilmington_oh,Wilmington (OH),D3,HCAC,d3t1,12,6,3,4,11,2,11,6,3,13,5,3,,,,
wisconsineau_claire,Wisconsin-Eau Claire,D3,WIAC,d3t2,19,2,1,13,5,2,17,2,5,13,3,4,,,,
wisconsinplatteville,Wisconsin-Platteville,D3,WIAC,d3t2,12,5,3,14,3,5,14,2,5,8,6,5,,,,
wisconsinriver_falls,Wisconsin-River Falls,D3,WIAC,d3t2,,,,,,,8,11,0,3,10,4,,,,
wisconsinstevens_point,Wisconsin-Stevens Point,D3,WIAC,d3t2,,,,,,,8,8,4,13,4,4,,,,
wisconsinstout,Wisconsin-Stout,D3,WIAC,d3t2,,,,,,,2,16,1,1,15,4,,,,
wisconsinsuperior,Wisconsin-Superior,D3,UMAC,d3t2,16,4,2,17,4,2,18,4,3,16,7,0,,,,
wisconsinwhitewater,Wisconsin-Whitewater,D3,WIAC,d3t2,13,7,1,13,1,5,10,7,4,14,3,3,,,,
wittenberg,Wittenberg,D3,NCAC,d3t2,8,7,1,8,4,4,4,7,3,7,4,7,,,,
worcester_polytechnic,Worcester Polytechnic,D3,NEWMAC,d3t1,8,7,5,8,7,5,9,5,4,8,7,5,,,,
worcester_state,Worcester State,D3,MASCAC,d3t2,11,4,6,5,8,4,4,10,3,5,11,1,,,,
yeshiva,Yeshiva,D3,Skyline,d3t2,9,3,3,7,5,3,5,5,2,1,8,4,,,,
york_pa,York (PA),D3,MAC Commonwealth,d3t2,3,9,1,1,11,2,1,11,2,8,6,6,,,,
aquinas,Aquinas,NAIA,WHAC,naiat2,10,7,3,14,4,3,14,5,1,4,8,3,,,,
arizona_christian,Arizona Christian,NAIA,Great Southwest,naiat2,10,3,5,7,8,1,7,8,4,10,6,3,,,,
avila,Avila,NAIA,KCAC,naiat2,3,13,1,3,14,1,4,13,0,5,13,0,,,,
baker,Baker,NAIA,HAAC,naiat1,8,8,3,9,7,3,13,8,1,14,5,3,,,,
barclay,Barclay,NAIA,KCAC,naiat2,8,4,1,,,,14,3,2,6,8,0,,,,
bethany_ks,Bethany (KS),NAIA,KCAC,naiat2,6,9,3,13,7,2,12,7,3,3,13,1,,,,
bethel_in,Bethel (IN),NAIA,Crossroads,naiat2,24,1,1,18,3,3,13,6,2,16,3,3,champion,,,
bethel_tn,Bethel (TN),NAIA,Mid-South,naiat1,12,4,3,13,5,1,8,6,3,13,2,2,,,,
bethesda,Bethesda,NAIA,NAIA Independent,naiat2,13,5,2,13,5,2,5,8,1,13,5,2,,,,
bryan,Bryan,NAIA,Appalachian,naiat2,7,8,3,8,8,2,11,4,3,2,11,3,,,,
calumet_college,Calumet College,NAIA,CCAC,naiat2,2,13,1,1,12,0,0,11,0,0,17,0,,,,
central_christian,Central Christian,NAIA,Sooner,naiat2,10,7,5,12,5,5,5,10,2,2,11,4,,,,
central_methodist,Central Methodist,NAIA,HAAC,naiat1,16,1,5,8,7,3,10,6,2,8,6,5,,,,
clarke,Clarke,NAIA,HAAC,naiat1,9,4,3,7,5,4,11,6,1,5,6,6,,,,
college_of_idaho,College of Idaho,NAIA,Cascade,naiat2,11,5,2,12,4,4,9,4,4,6,4,4,,,,
columbia_mo,Columbia (MO),NAIA,AMC,naiat2,15,4,3,13,4,5,12,4,4,10,6,3,,,,
concordia_mi,Concordia (MI),NAIA,WHAC,naiat2,,,,1,13,4,5,9,4,,,,,,,
concordia_ne,Concordia (NE),NAIA,GPAC,naiat1,,,,,,,,,,,,,,,,
cornerstone,Cornerstone,NAIA,WHAC,naiat2,6,8,4,6,9,4,6,10,1,7,10,0,,,,
cumberlands,Cumberlands,NAIA,Mid-South,naiat1,10,4,5,7,4,5,15,3,3,9,6,6,,,,
dakota_wesleyan,Dakota Wesleyan,NAIA,GPAC,naiat1,3,12,2,7,9,1,8,8,2,8,11,0,,,,
dallas_christian,Dallas Christian,NAIA,RRAC,naiat2,2,10,2,6,5,0,7,9,0,2,10,7,,,,
doane,Doane,NAIA,GPAC,naiat1,2,14,2,3,7,7,5,9,2,2,10,4,,,,
dordt,Dordt,NAIA,GPAC,naiat1,9,4,6,9,7,4,6,8,4,5,6,6,,,,
eastern_oregon,Eastern Oregon,NAIA,Cascade,naiat2,9,8,2,3,9,5,11,4,5,13,0,6,,,,
evangel,Evangel,NAIA,KCAC,naiat2,2,14,1,5,6,6,8,6,4,8,5,5,,,,
florida_memorial,Florida Memorial,NAIA,Continental,naiat1,3,8,4,9,8,2,7,7,3,7,8,3,,,,
freedhardeman,Freed-Hardeman,NAIA,Mid-South,naiat1,4,11,1,7,9,2,11,6,2,10,7,1,,,,
friends,Friends,NAIA,KCAC,naiat2,4,12,2,9,6,5,6,8,5,4,12,2,,,,
goshen,Goshen,NAIA,Crossroads,naiat2,2,12,3,1,15,2,5,9,4,6,8,3,,,,
grace,Grace,NAIA,Crossroads,naiat2,11,3,6,15,5,2,8,8,2,16,7,3,,,,
grand_view,Grand View,NAIA,HAAC,naiat1,10,7,3,9,7,1,6,7,5,18,4,3,,,,champion
hanniballagrange,Hannibal-LaGrange,NAIA,AMC,naiat2,7,7,2,3,8,4,6,8,2,5,10,3,,,,
hastings,Hastings,NAIA,GPAC,naiat1,16,2,2,6,9,4,12,7,2,2,15,1,,,,
indiana_institute_of_technology,Indiana Institute of Technology,NAIA,WHAC,naiat2,12,3,7,14,4,6,13,2,5,18,5,1,,,,
indiana_wesleyan,Indiana Wesleyan,NAIA,Crossroads,naiat2,11,5,4,13,4,4,14,3,3,11,5,4,,,,
iowa_wesleyan,Iowa Wesleyan,NAIA,HAAC,naiat1,7,4,4,3,10,3,9,5,3,8,2,7,,,,
john_brown,John Brown,NAIA,Sooner,naiat2,10,4,3,11,6,0,11,1,6,12,5,5,,,,
kansas_wesleyan,Kansas Wesleyan,NAIA,KCAC,naiat2,2,14,1,13,5,2,11,6,3,13,4,3,,,,
kentucky_christian,Kentucky Christian,NAIA,River States,naiat2,4,12,2,2,14,2,1,16,1,2,14,1,,,,
lindsey_wilson,Lindsey Wilson,NAIA,Mid-South,naiat1,13,7,4,12,4,3,10,6,3,12,4,1,,,,
midamerica_nazarene,MidAmerica Nazarene,NAIA,HAAC,naiat1,14,4,3,17,4,4,11,5,5,16,3,5,,champion,,
midland,Midland,NAIA,GPAC,naiat1,10,5,5,4,9,5,8,7,4,13,4,2,,,,
midway,Midway,NAIA,River States,naiat2,2,15,0,6,12,0,5,11,2,7,10,3,,,,
missouri_baptist,Missouri Baptist,NAIA,HAAC,naiat1,12,6,0,7,5,5,12,6,4,5,9,3,,,,
morningside,Morningside,NAIA,GPAC,naiat1,4,8,7,7,6,7,11,6,2,12,7,2,,,,
mount_mercy,Mount Mercy,NAIA,HAAC,naiat1,7,8,3,9,5,4,7,6,3,7,7,4,,,,
mount_vernon_nazarene,Mount Vernon Nazarene,NAIA,Crossroads,naiat2,7,6,5,7,10,1,6,6,6,7,6,5,,,,
northwest_university,Northwest University,NAIA,Cascade,naiat2,6,10,2,7,7,3,6,7,5,4,9,4,,,,
northwestern_ia,Northwestern (IA),NAIA,GPAC,naiat1,7,6,5,15,5,2,9,5,4,14,1,3,,,,
northwestern_mn,Northwestern (MN),D3,UMAC,d3t2,4,12,3,6,8,4,8,7,4,7,8,2,,,,
olivet_nazarene,Olivet Nazarene,NAIA,CCAC,naiat2,16,2,3,12,4,3,9,6,2,19,3,1,,,,
ottawa,Ottawa,NAIA,KCAC,naiat2,11,4,5,15,5,1,10,8,3,15,3,6,,,,
ozarks_ar,Ozarks (AR),NAIA,AMC,naiat2,10,5,5,7,10,0,6,10,3,3,13,2,,,,
ozarks_mo,Ozarks (MO),NAIA,AMC,naiat2,10,5,5,,,,6,10,3,3,13,2,,,,
park,Park,NAIA,HAAC,naiat1,7,8,1,7,5,3,0,16,0,7,9,2,,,,
pikeville,Pikeville,NAIA,Appalachian,naiat2,4,14,1,5,10,3,3,13,2,11,6,3,,,,
rocky_mountain,Rocky Mountain,NAIA,Cascade,naiat2,10,7,1,4,10,3,8,7,2,8,3,7,,,,
saint_ambrose,Saint Ambrose,NAIA,CCAC,naiat2,4,10,2,4,9,2,2,10,3,10,9,0,,,,
saint_francis_il,Saint Francis (IL),NAIA,CCAC,naiat2,6,6,4,8,7,2,4,8,2,2,12,1,,,,
saint_mary_ks,Saint Mary (KS),NAIA,KCAC,naiat2,13,5,3,5,8,6,9,8,2,7,9,2,,,,
saint_thomas_fl,Saint Thomas (FL),NAIA,Sun,naiat1,11,2,5,18,1,3,13,3,1,11,6,1,,,,
science_arts_ok,Science & Arts (OK),NAIA,Sooner,naiat2,12,5,3,9,8,4,6,8,4,6,6,5,,,,
siena_heights,Siena Heights,NAIA,WHAC,naiat2,6,10,1,7,9,3,2,14,2,5,9,4,,,,
southeastern_university,Southeastern University,NAIA,Sun,naiat1,11,4,4,11,5,3,10,3,5,6,7,3,,,,
southern_oregon,Southern Oregon,NAIA,Cascade,naiat2,13,5,2,18,4,0,12,5,2,10,5,4,,,,
southwest_minnesota_state,Southwest Minnesota State,D2,NSIC,d2t1,5,8,2,11,2,2,6,5,3,6,7,2,,,,
southwestern_ks,Southwestern (KS),NAIA,KCAC,naiat2,5,7,5,7,10,0,6,9,2,10,9,0,,,,
spring_arbor,Spring Arbor,NAIA,Crossroads,naiat2,7,6,7,11,5,4,13,7,3,11,8,1,,,,
sterling,Sterling,NAIA,KCAC,naiat2,5,9,5,10,9,2,4,13,1,5,11,1,,,,
tabor,Tabor,NAIA,KCAC,naiat2,6,9,2,8,8,3,5,9,3,8,8,3,,,,
taylor,Taylor,NAIA,Crossroads,naiat2,5,9,5,5,11,2,5,8,3,7,7,3,,,,
trinity_christian,Trinity Christian,NAIA,CCAC,naiat2,3,12,2,9,8,4,17,7,1,8,8,3,,,,
waldorf,Waldorf,NAIA,GPAC,naiat1,8,6,2,2,14,1,0,15,1,5,6,6,,,,
warner,Warner,NAIA,Sun,naiat1,5,10,0,2,14,2,4,10,5,0,16,1,,,,
wayland_baptist,Wayland Baptist,NAIA,Sooner,naiat2,6,9,2,9,7,3,10,7,6,8,7,2,,,,
webber_international,Webber International,NAIA,Sun,naiat1,10,4,1,6,11,2,5,7,5,6,11,1,,,,
william_penn,William Penn,NAIA,HAAC,naiat1,11,7,3,12,5,4,21,2,3,12,6,4,,,final,
william_woods,William Woods,NAIA,HAAC,naiat1,5,9,3,10,6,4,11,3,6,7,7,4,,,,
xavier_la,Xavier (LA),NAIA,RRAC,naiat2,9,2,7,11,4,2,14,5,1,13,5,2,,,,
allan_hancock,Allan Hancock,NJCAA,WSC,njcaat1,4,13,3,4,15,2,7,11,3,4,13,5,,,,
allegany,Allegany,NJCAA,MDJUCO,njcaat1,5,10,0,5,10,0,2,10,3,5,10,0,,,,
allen_county_community,Allen County Community,NJCAA,KJCCC,njcaat1,11,6,0,10,5,4,20,2,2,15,2,3,,,,
american_river,American River,NJCAA,CCCAA,njcaat1,4,11,8,8,13,1,9,8,6,8,12,3,,,,
ancilla,Ancilla,NJCAA,MCCAA,njcaat1,,,,,,,,,,,,,,,,
anne_arundel,Anne Arundel,NJCAA,MDJUCO,njcaat1,,,,,,,,,,,,,,,,
arizona_western,Arizona Western,NJCAA,ACCAC,njcaat1,18,3,0,17,1,3,15,1,3,11,3,1,,,,
atlantic_cape,Atlantic Cape,NJCAA,NJCAAD3,njcaat1,,,,,,,,,,,,,,,,
barton_county,Barton County,NJCAA,KJCCC,njcaat1,,,,,,,,,,,,,,,,
blinn,Blinn,NJCAA,WJCAC,njcaat1,13,7,2,14,7,0,11,7,3,14,5,1,,,,
blue_mountain,Blue Mountain,NJCAA,NWAACC,njcaat1,6,6,4,3,11,1,3,11,1,6,7,1,,,,
bossier_parish,Bossier Parish,NJCAA,MSJC,njcaat1,,,,,,,,,,,,,,,,
brookdale,Brookdale,NJCAA,GNYAC,njcaat1,8,6,2,8,7,3,4,9,2,7,9,1,,,,
broward,Broward,NJCAA,FCSAA,njcaat1,,,,,,,,,,,,,,,,
buffaloerie,Buffalo-Erie,NJCAA,GNYAC,njcaat1,,,,,,,1,8,3,0,12,1,,,,
butler_county,Butler County,NJCAA,KJCCC,njcaat1,,,,,,,,,,,,,,,,
cape_fear,Cape Fear,NJCAA,CCAC-NJCAA,njcaat1,4,5,2,5,5,0,7,7,0,2,6,4,,,,
carl_sandburg,Carl Sandburg,NJCAA,GRAC,njcaat1,5,7,1,12,3,2,12,3,3,12,3,3,,,,
cascadia,Cascadia,NJCAA,NWAACC,njcaat1,,,,,,,,,,,,,,,,
catawba_valley,Catawba Valley,NJCAA,CCAC-NJCAA,njcaat1,,,,,,,,,,,,,,,,
cecil,Cecil,NJCAA,MDJUCO,njcaat1,3,11,1,3,9,5,7,9,0,6,9,3,,,,
central_alabama,Central Alabama,NJCAA,ACCC,njcaat1,,,,,,,,,,,,,,,,
central_arizona,Central Arizona,NJCAA,ACCAC,njcaat1,,,,,,,,,,,,,,,,
central_georgia_tech,Central Georgia Tech,NJCAA,GCAA,njcaat1,,,,,,,,,,,,,,,,
central_lakes,Central Lakes,NJCAA,MCC,njcaat1,,,,,,,,,,,,,,,,
central_penn,Central Penn,NJCAA,EPAC,njcaat1,7,9,0,12,4,1,14,4,0,8,6,3,,,,
chesapeake,Chesapeake,NJCAA,MDJUCO,njcaat1,0,6,0,,,,,,,,,,,,,
chipola,Chipola,NJCAA,FCSAA,njcaat1,,,,,,,,,,,,,,,,
city_colleges_chicagoharold_washington,City Colleges Chicago-Harold Washington,NJCAA,NJCAAD1,njcaat1,,,,,,,,,,,,,,,,
city_colleges_chicagoolive_harvey,City Colleges Chicago-Olive Harvey,NJCAA,NJCAAD1,njcaat1,,,,,,,,,,,,,,,,
city_colleges_chicagorichard_daley,City Colleges Chicago-Richard Daley,NJCAA,NJCAAD1,njcaat1,,,,,,,,,,,,,,,,
city_colleges_chicagowilbur_wright,City Colleges Chicago-Wilbur Wright,NJCAA,NJCAAD1,njcaat1,,,,,,,,,,,,,,,,
coffeyville,Coffeyville,NJCAA,KJCCC,njcaat1,9,8,1,7,8,4,4,10,5,7,6,6,,,,
college_of_dupage,College of DuPage,NJCAA,GRAC,njcaat1,8,9,1,5,6,4,6,10,1,10,5,2,,,,
college_of_lake_county,College of Lake County,NJCAA,GRAC,njcaat1,3,8,1,2,7,2,4,9,0,4,8,1,,,,
college_of_marin,College of Marin,NJCAA,CCCAA,njcaat1,3,14,2,12,8,1,8,11,3,4,9,6,,,,
college_of_southern_idaho,College of Southern Idaho,NJCAA,NWAACC,njcaat1,8,8,1,8,8,1,6,9,1,8,8,1,,,,
college_of_southern_nevada,College of Southern Nevada,NJCAA,ACCAC,njcaat1,6,10,1,8,5,3,3,9,2,5,6,1,,,,
collin_college,Collin College,NJCAA,WJCAC,njcaat1,,,,,,,,,,,,,,,,
contra_costa,Contra Costa,NJCAA,CCCAA,njcaat1,7,11,1,4,14,2,5,13,3,7,10,3,,,,
copiahlincoln,Copiah-Lincoln,NJCAA,MACJC,njcaat1,10,3,3,4,8,5,8,5,2,8,6,2,,,,
cowley_county,Cowley County,NJCAA,KJCCC,njcaat1,,,,,,,,,,,,,,,,
crowder,Crowder,NJCAA,MOVAL,njcaat1,8,7,2,7,7,5,9,6,3,8,6,4,,,,
danville_area,Danville Area,NJCAA,GRAC,njcaat1,,,,,,,,,,,,,,,,
daytona_state,Daytona State,NJCAA,FCSAA,njcaat1,15,3,1,9,3,2,7,3,4,15,3,2,,,,
delta_college_mi,Delta College (MI),NJCAA,MCCAA,njcaat1,,,,,,,,,,,,,,,,
des_moines_area,Des Moines Area,NJCAA,ICCAC,njcaat1,,,,,,,,,,,,,,,,
diablo_valley,Diablo Valley,NJCAA,CCCAA,njcaat1,,,,,,,,,,,,,,,,
dodge_city,Dodge City,NJCAA,KJCCC,njcaat1,11,7,0,10,5,2,5,12,2,9,5,3,,,,
east_central_ok,East Central (OK),NJCAA,SACC,njcaat1,5,7,0,5,10,1,3,12,0,8,7,1,,,,
east_mississippi,East Mississippi,NJCAA,MACJC,njcaat1,,,,1,16,0,0,17,0,2,14,1,,,,
eastern_arizona,Eastern Arizona,NJCAA,ACCAC,njcaat1,12,6,2,6,7,2,5,5,3,8,9,3,,,,
eastern_florida_state,Eastern Florida State,NJCAA,FCSAA,njcaat1,7,5,2,15,3,0,16,3,2,12,4,1,,,,
eastern_wyoming,Eastern Wyoming,NJCAA,RMJCAA,njcaat1,,,,,,,,,,,,,,,,
el_camino,El Camino,NJCAA,CCCAA,njcaat1,17,2,3,24,1,0,14,3,4,12,6,6,,,,
ellsworth,Ellsworth,NJCAA,ICCAC,njcaat1,,,,,,,,,,,,,,,,
essex_county,Essex County,NJCAA,GNYAC,njcaat1,1,7,0,4,8,1,11,4,1,10,4,0,,,,
everett,Everett,NJCAA,NWAACC,njcaat1,13,4,4,12,2,5,15,4,1,6,7,1,,,,
finger_lakes_community,Finger Lakes Community,NJCAA,GNYAC,njcaat1,2,10,0,7,8,0,15,5,3,19,2,1,,,,
florida_state_college_jacksonville,Florida State College Jacksonville,NJCAA,FCSAA,njcaat1,,,,,,,,,,,,,,,,
fort_scott_community,Fort Scott Community,NJCAA,KJCCC,njcaat1,,,,,,,,,,,,,,,,
frederick,Frederick,NJCAA,MDJUCO,njcaat1,,,,,,,,,,,,,,,,
front_range,Front Range,NJCAA,RMJCAA,njcaat1,,,,,,,,,,,,,,,,
gadsden_state,Gadsden State,NJCAA,ACCC,njcaat1,,,,,,,,,,,,,,,,
garden_city_community,Garden City Community,NJCAA,KJCCC,njcaat1,7,13,0,8,8,5,7,8,3,9,5,3,,,,
garrett,Garrett,NJCAA,MDJUCO,njcaat1,,,,,,,,,,,,,,,,
genesee_community,Genesee Community,NJCAA,GNYAC,njcaat1,8,10,3,6,12,4,5,13,2,9,6,7,,,,
george_c_wallace,George C. Wallace,NJCAA,ACCC,njcaat1,,,,,,,,,,,,,,,,
georgia_highlands,Georgia Highlands,NJCAA,GCAA,njcaat1,,,,,,,,,,,,,,,,
georgia_military,Georgia Military,NJCAA,GCAA,njcaat1,11,5,2,11,6,2,14,3,3,11,8,1,,,,
georgia_northwestern,Georgia Northwestern,NJCAA,GCAA,njcaat1,,,,,,,,,,,,,,,,
georgia_piedmont,Georgia Piedmont,NJCAA,GCAA,njcaat1,,,,,,,,,,,,,,,,
gloucester_county,Gloucester County,NJCAA,GNYAC,njcaat1,,,,,,,,,,,,,,,,
grand_rapids_community,Grand Rapids Community,NJCAA,MCCAA,njcaat1,22,3,0,13,4,1,8,6,4,5,8,2,,,,
hagerstown,Hagerstown,NJCAA,MDJUCO,njcaat1,1,5,0,0,15,1,10,9,0,12,6,1,,,,
harford_county,Harford County,NJCAA,MDJUCO,njcaat1,13,5,0,11,3,4,13,5,3,11,7,2,,,,
harper,Harper,NJCAA,GRAC,njcaat1,10,5,2,4,6,3,5,7,3,2,9,2,,,,
hawkeye,Hawkeye,NJCAA,ICCAC,njcaat1,6,9,0,8,4,3,4,8,1,4,10,1,,,,
highland,Highland,NJCAA,KJCCC,njcaat1,,,,,,,,,,,,,,,,
hillsborough,Hillsborough,NJCAA,FCSAA,njcaat1,,,,,,,,,,,,,,,,
hocking,Hocking,NJCAA,OHSJCC,njcaat1,,,,,,,,,,,,,,,,
holmes,Holmes,NJCAA,MACJC,njcaat1,4,9,1,4,11,0,3,9,1,8,11,1,,,,
holyoke,Holyoke,NJCAA,MVAL,njcaat1,5,3,3,4,6,2,1,9,0,5,8,0,,,,
howard_community,Howard Community,NJCAA,MDJUCO,njcaat1,11,7,0,10,10,0,8,7,1,15,2,1,,,,
hudson_valley,Hudson Valley,NJCAA,GNYAC,njcaat1,11,6,1,3,9,3,6,7,2,7,8,0,,,,
indian_hills,Indian Hills,NJCAA,ICCAC,njcaat1,12,9,1,10,3,5,16,2,3,12,6,4,,,,
iowa_central,Iowa Central,NJCAA,ICCAC,njcaat1,6,10,0,7,6,5,11,8,1,12,5,3,,,,
iowa_lakes,Iowa Lakes,NJCAA,ICCAC,njcaat1,12,5,0,16,3,3,16,3,3,14,6,2,,,,
iowa_western,Iowa Western,NJCAA,ICCAC,njcaat1,17,3,1,6,4,4,23,0,2,13,3,5,,,,
j_sargeant_reynolds,J. Sargeant Reynolds,NJCAA,VCCAA,njcaat1,,,,,,,,,,,,,,,,
jackson_college,Jackson College,NJCAA,MCCAA,njcaat1,4,7,1,5,7,3,2,10,1,4,6,2,,,,
jefferson_ny,Jefferson (NY),NJCAA,GNYAC,njcaat1,,,,,,,10,5,2,5,7,1,,,,
jefferson_davis,Jefferson Davis,NJCAA,ACCC,njcaat1,,,,,,,,,,,,,,,,
johnson_county_community,Johnson County Community,NJCAA,KJCCC,njcaat1,14,7,0,11,5,3,14,4,0,13,5,4,,,,
kalamazoo_valley,Kalamazoo Valley,NJCAA,MCCAA,njcaat1,,,,,,,,,,,,,,,,
kankakee_community,Kankakee Community,NJCAA,GRAC,njcaat1,4,5,2,10,6,1,7,5,2,9,6,2,,,,
kellogg_community,Kellogg Community,NJCAA,MCCAA,njcaat1,,,,,,,,,,,,,,,,
kilgore,Kilgore,NJCAA,WJCAC,njcaat1,,,,,,,,,,,,,,,,
kirkwood,Kirkwood,NJCAA,ICCAC,njcaat1,,,,,,,,,,,,,,,,
labette,Labette,NJCAA,KJCCC,njcaat1,,,,,,,,,,,,,,,,
lake_land,Lake Land,NJCAA,GRAC,njcaat1,,,,,,,,,,,,,,,,
lamar_institute,Lamar Institute,NJCAA,MOVAL,njcaat1,,,,,,,,,,,,,,,,
laramie_county,Laramie County,NJCAA,RMJCAA,njcaat1,,,,,,,,,,,,,,,,
lewis_clark_id,Lewis & Clark (ID),NJCAA,NWAACC,njcaat1,,,,,,,,,,,,,,,,
lincoln_land,Lincoln Land,NJCAA,GRAC,njcaat1,,,,,,,,,,,,,,,,
lincoln_trail,Lincoln Trail,NJCAA,GRAC,njcaat1,7,7,1,10,3,4,3,9,2,2,10,1,,,,
lone_star,Lone Star,NJCAA,WJCAC,njcaat1,,,,,,,,,,,,,,,,
lord_fairfax,Lord Fairfax,NJCAA,VCCAA,njcaat1,,,,,,,,,,,,,,,,
louisiana_delta,Louisiana Delta,NJCAA,MSJC,njcaat1,,,,,,,,,,,,,,,,
lower_columbia,Lower Columbia,NJCAA,NWAACC,njcaat1,,,,,,,,,,,,,,,,
lurleen_b_wallace,Lurleen B. Wallace,NJCAA,ACCC,njcaat1,,,,,,,,,,,,,,,,
mclennan,McLennan,NJCAA,WJCAC,njcaat1,,,,,,,,,,,,,,,,
merced,Merced,NJCAA,CCCAA,njcaat1,17,4,3,14,4,5,11,5,7,14,3,5,,,,
meridian,Meridian,NJCAA,MACJC,njcaat1,2,11,2,4,11,1,9,7,3,7,8,3,,,,
mesa_community,Mesa Community,NJCAA,ACCAC,njcaat1,13,5,1,7,3,5,7,7,2,4,7,4,,,,
middlesex_county,Middlesex County,NJCAA,GNYAC,njcaat1,10,4,1,8,7,2,8,4,4,10,6,2,,,,
mineral_area,Mineral Area,NJCAA,MOVAL,njcaat1,6,4,2,12,1,3,13,5,2,6,5,5,,,,
mississippi_delta,Mississippi Delta,NJCAA,MACJC,njcaat1,,,,,,,,,,,,,,,,
mississippi_gulf_coast,Mississippi Gulf Coast,NJCAA,MACJC,njcaat1,9,6,2,13,3,2,12,4,5,11,6,1,,,,
missouri_statewest_plains,Missouri State-West Plains,NJCAA,MOVAL,njcaat1,,,,,,,,,,,,,,,,
moberly_area,Moberly Area,NJCAA,MOVAL,njcaat1,,,,,,,,,,,,,,,,
monroe_community,Monroe Community,NJCAA,GNYAC,njcaat1,8,3,2,9,2,2,9,6,1,12,1,2,,,,
montgomery,Montgomery,NJCAA,ACCC,njcaat1,,,,,,,,,,,,,,,,
motlow_state,Motlow State,NJCAA,TCCAA,njcaat1,,,,,,,,,,,,,,,,
mount_san_antonio,Mount San Antonio,NJCAA,CCCAA,njcaat1,17,7,2,8,6,9,14,4,4,12,4,5,,,,
nassau_community,Nassau Community,NJCAA,GNYAC,njcaat1,14,4,0,17,2,2,15,3,2,10,3,0,,,,
nebraska_central,Nebraska Central,NJCAA,ICCAC,njcaat1,,,,,,,,,,,,,,,,
new_mexico_junior,New Mexico Junior,NJCAA,NJCAAD1,njcaat1,,,,,,,,,,,,,,,,
niagara_county,Niagara County,NJCAA,GNYAC,njcaat1,0,10,2,1,13,1,0,9,2,,,,,,,
north_arkansas,North Arkansas,NJCAA,MOVAL,njcaat1,,,,2,8,2,,,,,,,,,,
north_central_missouri,North Central Missouri,NJCAA,MOVAL,njcaat1,,,,,,,,,,,,,,,,
northeast_mississippi,Northeast Mississippi,NJCAA,MACJC,njcaat1,,,,,,,,,,,,,,,,
northeast_oklahoma_am,Northeast Oklahoma A&M,NJCAA,SACC,njcaat1,6,10,0,2,12,2,9,4,1,7,7,4,,,,
northeast_texas,Northeast Texas,NJCAA,WJCAC,njcaat1,6,11,0,2,7,1,1,9,1,1,13,1,,,,
northern_essex,Northern Essex,NJCAA,MVAL,njcaat1,7,5,1,11,3,1,14,4,0,13,4,1,,,,
northern_idaho,Northern Idaho,NJCAA,NWAACC,njcaat1,,,,,,,,,,,,,,,,
northland_pioneer,Northland Pioneer,NJCAA,ACCAC,njcaat1,,,,,,,,,,,,,,,,
northwest_college,Northwest College,NJCAA,RMJCAA,njcaat1,4,11,1,10,5,2,6,2,7,11,5,1,,,,
northwest_mississippi,Northwest Mississippi,NJCAA,MACJC,njcaat1,3,12,0,4,11,0,4,11,4,6,11,1,,,,
northwest_shoals,Northwest Shoals,NJCAA,ACCC,njcaat1,,,,,,,,,,,,,,,,
odessa,Odessa,NJCAA,WJCAC,njcaat1,,,,,,,,,,,,,,,,
oklahoma_city_community,Oklahoma City Community,NJCAA,SACC,njcaat1,,,,,,,,,,,,,,,,
onondaga_community,Onondaga Community,NJCAA,GNYAC,njcaat1,11,4,0,11,4,2,8,5,3,5,4,6,,,,
orange_coast,Orange Coast,NJCAA,CCCAA,njcaat1,5,15,0,3,16,3,5,12,4,4,12,4,,,,
otero_college,Otero College,NJCAA,RMJCAA,njcaat1,9,6,2,12,1,4,7,3,4,13,5,1,,,,
owens,Owens,NJCAA,OHSJCC,njcaat1,,,,,,,9,6,2,,,,,,,
ozarka,Ozarka,NJCAA,MOVAL,njcaat1,,,,,,,,,,,,,,,,
panola,Panola,NJCAA,WJCAC,njcaat1,,,,,,,,,,,,,,,,
paradise_valley,Paradise Valley,NJCAA,ACCAC,njcaat1,7,8,0,4,11,1,6,6,4,5,8,4,,,,
parkland,Parkland,NJCAA,GRAC,njcaat1,8,9,2,13,4,2,9,6,4,,,,,,,
passaic_county,Passaic County,NJCAA,GNYAC,njcaat1,,,,,,,,,,,,,,,,
paul_d_camp,Paul D. Camp,NJCAA,VCCAA,njcaat1,,,,,,,,,,,,,,,,
pearl_river,Pearl River,NJCAA,MACJC,njcaat1,12,4,1,11,6,3,13,6,4,12,5,1,,,,
pellissippi_state,Pellissippi State,NJCAA,TCCAA,njcaat1,,,,,,,,,,,,,,,,
penn_state_hazleton,Penn State Hazleton,NJCAA,PSJUCO,njcaat1,,,,,,,,,,,,,,,,
pensacola_state,Pensacola State,NJCAA,FCSAA,njcaat1,,,,,,,,,,,,,,,,
piedmont_virginia,Piedmont Virginia,NJCAA,VCCAA,njcaat1,,,,,,,,,,,,,,,,
pima,Pima,NJCAA,ACCAC,njcaat1,11,4,2,13,4,0,20,1,1,18,4,0,,,,
polk_state,Polk State,NJCAA,FCSAA,njcaat1,,,,,,,,,,,,,,,,
prairie_state,Prairie State,NJCAA,GRAC,njcaat1,19,5,0,18,3,0,13,4,3,10,7,3,,,,
pratt_community,Pratt Community,NJCAA,KJCCC,njcaat1,8,4,3,4,10,1,6,8,1,6,8,2,,,,
queensborough,Queensborough,NJCAA,GNYAC,njcaat1,8,4,1,4,7,1,7,6,1,2,8,2,,,,
ranger,Ranger,NJCAA,WJCAC,njcaat1,,,,,,,,,,,,,,,,
reading_area,Reading Area,NJCAA,EPAC,njcaat1,,,,,,,,,,,,,,,,
rend_lake,Rend Lake,NJCAA,GRAC,njcaat1,,,,,,,,,,,,,,,,
richland,Richland,NJCAA,WJCAC,njcaat1,16,0,1,12,3,1,14,3,0,13,3,1,,,,
riverside,Riverside,NJCAA,CCCAA,njcaat1,,,,,,,,,,,,,,,,
roane_state,Roane State,NJCAA,TCCAA,njcaat1,,,,,,,,,,,,,,,,
rock_valley,Rock Valley,NJCAA,GRAC,njcaat1,13,4,2,13,6,2,9,2,7,7,8,4,,,,
rockland_community,Rockland Community,NJCAA,GNYAC,njcaat1,6,7,0,4,7,1,3,6,0,1,9,2,,,,
rose_state,Rose State,NJCAA,SACC,njcaat1,5,8,4,11,7,1,7,8,2,7,8,3,,,,
salt_lake_community,Salt Lake Community,NJCAA,RMJCAA,njcaat1,14,2,1,18,2,3,16,2,2,12,4,4,,,,
san_bernardino_valley,San Bernardino Valley,NJCAA,CCCAA,njcaat1,9,8,3,14,4,4,8,4,8,14,7,2,,,,
san_diego_mesa,San Diego Mesa,NJCAA,CCCAA,njcaat1,3,13,3,4,11,4,6,10,2,3,13,4,,,,
san_diego_miramar,San Diego Miramar,NJCAA,CCCAA,njcaat1,,,,,,,,,,3,12,3,,,,
san_joaquin_delta,San Joaquin Delta,NJCAA,CCCAA,njcaat1,3,14,2,6,12,3,13,7,3,6,12,4,,,,
sandhills,Sandhills,NJCAA,CCAC-NJCAA,njcaat1,,,,,,,,,,,,,,,,
santa_ana,Santa Ana,NJCAA,CCCAA,njcaat1,10,7,6,9,7,6,10,6,5,3,11,7,,,,
santa_barbara_city,Santa Barbara City,NJCAA,CCCAA,njcaat1,,,,,,,,,,,,,,,,
santa_monica,Santa Monica,NJCAA,CCCAA,njcaat1,15,4,5,15,2,6,17,3,3,16,2,5,,,,
santa_rosa_junior,Santa Rosa Junior,NJCAA,CCCAA,njcaat1,9,2,9,17,4,2,11,6,4,17,1,4,,,,
scottsdale,Scottsdale,NJCAA,ACCAC,njcaat1,6,9,0,4,8,3,8,8,1,7,7,2,,,,
seward_county,Seward County,NJCAA,KJCCC,njcaat1,10,7,0,8,8,3,5,12,2,9,5,3,,,,
shawnee_community,Shawnee Community,NJCAA,GRAC,njcaat1,,,,,,,,,,,,,,,,
sierra,Sierra,NJCAA,CCCAA,njcaat1,9,7,1,7,6,3,8,7,1,14,4,1,,,,
sinclair,Sinclair,NJCAA,OHSJCC,njcaat1,,,,,,,,,,,,,,,,
skagit_valley,Skagit Valley,NJCAA,NWAACC,njcaat1,10,5,4,7,4,4,9,8,0,8,6,0,,,,
snow,Snow,NJCAA,UCAC,njcaat1,12,5,0,7,6,1,13,4,2,14,5,0,,,,
somerset,Somerset,NJCAA,GNYAC,njcaat1,,,,,,,,,,,,,,,,
south_mountain_community,South Mountain Community,NJCAA,ACCAC,njcaat1,1,12,0,1,11,1,2,12,2,8,6,3,,,,
south_plains,South Plains,NJCAA,WJCAC,njcaat1,,,,,,,,,,,,,,,,
south_puget_sound,South Puget Sound,NJCAA,NWAACC,njcaat1,,,,,,,,,,,,,,,,
southeastern_community_ia,Southeastern Community (IA),NJCAA,ICCAC,njcaat1,,,,,,,,,,,,,,,,
southwestern_ca,Southwestern (CA),NJCAA,CCCAA,njcaat1,,,,,,,,,,,,,,,,
southwestern_illinois,Southwestern Illinois,NJCAA,GRAC,njcaat1,16,2,0,9,7,3,10,8,4,6,7,4,,,,
spartanburg_methodist,Spartanburg Methodist,NJCAA,CCAC-NJCAA,njcaat1,8,9,0,4,11,4,,,,,,,,,,
st_charles_community,St. Charles Community,NJCAA,MOVAL,njcaat1,13,5,0,12,8,2,13,3,3,12,8,2,,,,
st_louis_communityflorissant_valley,St. Louis Community-Florissant Valley,NJCAA,MOVAL,njcaat1,,,,,,,,,,,,,,,,
st_louis_communityforest_park,St. Louis Community-Forest Park,NJCAA,MOVAL,njcaat1,,,,,,,,,,,,,,,,
st_louis_communitymeramec,St. Louis Community-Meramec,NJCAA,MOVAL,njcaat1,,,,,,,,,,,,,,,,
suffolk_county,Suffolk County,NJCAA,GNYAC,njcaat1,14,3,1,,,,8,4,5,13,5,2,,,,
sullivan_county,Sullivan County,NJCAA,GNYAC,njcaat1,,,,,,,,,,,,,,,,
surry,Surry,NJCAA,CCAC-NJCAA,njcaat1,,,,,,,,,,,,,,,,
tallahassee,Tallahassee,NJCAA,FCSAA,njcaat1,,,,,,,,,,,,,,,,
terra_state,Terra State,NJCAA,OHSJCC,njcaat1,,,,0,10,0,2,13,0,1,14,2,,,,
three_rivers,Three Rivers,NJCAA,MOVAL,njcaat1,,,,,,,,,,,,,,,,
tidewater,Tidewater,NJCAA,VCCAA,njcaat1,,,,,,,,,,,,,,,,
tompkins_cortland,Tompkins Cortland,NJCAA,GNYAC,njcaat1,,,,5,6,4,,,,3,8,1,,,,
trinity_valley,Trinity Valley,NJCAA,WJCAC,njcaat1,0,15,0,1,11,1,,,,,,,,,,
tulsa_community,Tulsa Community,NJCAA,SACC,njcaat1,,,,,,,,,,,,,,,,
tyler_junior,Tyler Junior,NJCAA,WJCAC,njcaat1,15,3,1,18,2,2,17,1,2,17,1,1,,,,
union_county,Union County,NJCAA,GNYAC,njcaat1,7,8,2,2,10,2,4,9,2,,,,,,,
ventura,Ventura,NJCAA,CCCAA,njcaat1,,,,,,,,,,,,,,,,
vernon,Vernon,NJCAA,WJCAC,njcaat1,,,,,,,,,,,,,,,,
victor_valley,Victor Valley,NJCAA,CCCAA,njcaat1,3,13,1,2,15,3,4,14,1,9,8,4,,,,
vincennes,Vincennes,NJCAA,OHSJCC,njcaat1,,,,,,,,,,,,,,,,
virginia_highlands,Virginia Highlands,NJCAA,VCCAA,njcaat1,,,,,,,,,,,,,,,,
virginia_western,Virginia Western,NJCAA,VCCAA,njcaat1,,,,,,,,,,,,,,,,
volunteer_state,Volunteer State,NJCAA,TCCAA,njcaat1,,,,,,,,,,,,,,,,
wake_technical,Wake Technical,NJCAA,CCAC-NJCAA,njcaat1,1,8,1,2,9,2,6,6,0,8,5,2,,,,
wallace_state,Wallace State,NJCAA,ACCC,njcaat1,,,,,,,,,,10,2,4,,,,
walters_state,Walters State,NJCAA,TCCAA,njcaat1,,,,,,,,,,,,,,,,
weatherford,Weatherford,NJCAA,WJCAC,njcaat1,,,,,,,,,,,,,,,,
western_nebraska,Western Nebraska,NJCAA,RMJCAA,njcaat1,4,7,1,8,5,3,10,6,2,3,7,5,,,,
western_wyoming,Western Wyoming,NJCAA,RMJCAA,njcaat1,,,,,,,,,,,,,,,,
westmoreland_county,Westmoreland County,NJCAA,PSJUCO,njcaat1,0,7,0,,,,,,,,,,,,,
wharton_county_junior,Wharton County Junior,NJCAA,WJCAC,njcaat1,,,,,,,,,,,,,,,,
william_rainey_harper,William Rainey Harper,NJCAA,GRAC,njcaat1,,,,,,,,,,,,,,,,
york_county,York County,NJCAA,VCCAA,njcaat1,,,,,,,4,5,0,4,6,1,,,,
naia_ave_maria_university,Ave Maria University,NAIA,Sun Conference,naiat1,4,10,0,2,15,1,2,11,3,6,10,2,,,,
naia_bellevue_university,Bellevue University,NAIA,Continental Athletic Conference,naiat1,,,,,,,13,3,2,10,8,2,,,,
benedictine_ks,Benedictine (KS),NAIA,Heart of America Athletic Conference,naiat1,5,10,3,9,4,4,9,5,4,7,7,4,,,,
naia_benedictine_university_at_mesa,Benedictine University at Mesa,NAIA,Great Southwest Athletic Conference,naiat2,6,9,3,6,8,2,6,8,4,10,5,5,,,,
naia_briar_cliff_university,Briar Cliff University,NAIA,Great Plains Athletic Conference,naiat1,5,8,6,14,3,3,5,11,3,8,8,3,,,,
naia_bushnell_university,Bushnell University,NAIA,Cascade Collegiate Conference,naiat2,4,13,1,6,9,3,8,7,3,10,6,4,,,,
naia_campbellsville_university,Campbellsville University,NAIA,Mid-South Conference,naiat1,12,8,1,15,6,3,14,7,2,14,7,0,,,,
naia_carolina_university,Carolina University,NAIA,Continental Athletic Conference,naiat1,13,3,1,15,2,3,13,3,3,8,6,2,,,,
carroll_mt,Carroll (MT),NAIA,Cascade Collegiate Conference,naiat2,6,9,1,8,4,4,15,4,3,14,4,3,,,,
naia_bethel_college_kansas,Bethel College (Kansas),NAIA,Kansas Collegiate Athletic Conference,naiat2,6,10,2,8,6,5,9,8,3,4,11,3,,,,
naia_blue_mountain_christian_university,Blue Mountain Christian University,NAIA,Southern States Athletic Conference,naiat2,5,10,2,4,9,3,3,9,4,4,11,2,,,,
naia_bluefield_university,Bluefield University,NAIA,Appalachian Athletic Conference,naiat2,7,9,0,2,13,1,3,9,4,1,14,1,,,,
naia_brescia_university,Brescia University,NAIA,River States Conference,naiat2,6,11,1,2,14,1,2,12,4,3,10,4,,,,
naia_central_baptist_college,Central Baptist College,NAIA,American Midwest Conference,naiat2,8,8,3,5,9,5,5,14,0,5,9,2,,,,
naia_cleary_university,Cleary University,NAIA,Wolverine-Hoosier Athletic Conference,naiat2,3,11,4,5,10,3,7,7,2,12,8,0,,,,
naia_columbia_college_sc,Columbia College (SC),NAIA,Appalachian Athletic Conference,naiat2,2,12,1,7,11,0,5,9,3,6,7,4,,,,
naia_columbia_international_university,Columbia International University,NAIA,Appalachian Athletic Conference,naiat2,15,4,5,10,6,3,8,6,4,7,9,2,,,,
naia_corban_university,Corban University,NAIA,Cascade Collegiate Conference,naiat2,16,3,2,4,7,7,5,10,3,4,10,4,,,,
naia_culver_stockton_college,Culver-Stockton College,NAIA,Heart of America Athletic Conference,naiat1,5,11,2,2,10,5,2,12,4,3,10,5,,,,
naia_cumberland_university,Cumberland University,NAIA,Mid-South Conference,naiat1,8,4,3,12,5,3,11,5,0,14,4,3,,,,
naia_dalton_state_college,Dalton State College,NAIA,Southern States Athletic Conference,naiat2,14,0,3,12,1,3,15,0,2,9,4,5,,,,
naia_defiance_college,Defiance College,NAIA,Wolverine-Hoosier Athletic Conference,naiat2,,,,,,,0,18,0,3,14,1,,,,
naia_embry_riddle_aeronautical_university_prescott,Embry-Riddle Aeronautical University Prescott,NAIA,Golden State Athletic Conference,naiat2,16,4,1,12,6,1,7,6,6,7,6,5,,,,
naia_faulkner_university,Faulkner University,NAIA,Southern States Athletic Conference,naiat2,5,9,2,11,4,2,7,7,2,11,5,3,,,,
naia_fisher_college,Fisher College,NAIA,Continental Athletic Conference,naiat1,2,13,3,12,3,3,5,9,3,10,5,1,,,,
naia_florida_college,Florida College,NAIA,Sun Conference,naiat1,4,8,1,7,8,1,8,6,2,7,9,2,,,,
naia_florida_national_university,Florida National University,NAIA,Sun Conference,naiat1,11,3,3,11,2,6,5,8,2,11,3,4,,,,
georgetown_ky,Georgetown (KY),NAIA,Mid-South Conference,naiat1,8,4,6,6,11,0,8,7,2,2,10,1,,,,
naia_georgia_gwinnett_college,Georgia Gwinnett College,NAIA,Continental Athletic Conference,naiat1,14,3,2,6,8,4,11,7,2,13,3,4,,,,
naia_governors_state_university,Governors State University,NAIA,Chicagoland Collegiate Athletic Conference,naiat2,,,,,,,,,,5,13,1,,,,
naia_harris_stowe_state_university,Harris-Stowe State University,NAIA,American Midwest Conference,naiat2,10,6,2,8,7,1,6,7,5,10,7,3,,,,
naia_hesston_college,Hesston College,NAIA,Continental Athletic Conference,naiat1,8,7,1,5,12,1,4,13,1,11,7,1,,,,
naia_holy_cross_college,Holy Cross College,NAIA,Chicagoland Collegiate Athletic Conference,naiat2,,,,,,,,,,9,8,1,,,,
naia_hope_international_university,Hope International University,NAIA,Golden State Athletic Conference,naiat2,11,3,4,15,4,2,14,4,3,6,5,7,,,,
naia_huston_tillotson_university,Huston-Tillotson University,NAIA,HBCU Athletic Conference,naiat2,8,7,0,4,10,1,4,9,2,6,11,0,,,,
naia_indiana_university_columbus,Indiana University Columbus,NAIA,River States Conference,naiat2,,,,8,9,1,4,11,2,6,10,1,,,,
naia_indiana_university_northwest,Indiana University Northwest,NAIA,Chicagoland Collegiate Athletic Conference,naiat2,3,13,0,4,12,1,2,13,4,3,14,1,,,,
naia_judson_university,Judson University,NAIA,Chicagoland Collegiate Athletic Conference,naiat2,,,,,,,,,,13,6,8,,,,
naia_keiser_university,Keiser University,NAIA,Sun Conference,naiat1,13,1,3,12,4,6,9,4,3,16,1,2,,,,
naia_lsu_alexandria,LSU Alexandria,NAIA,Red River Athletic Conference,naiat2,6,7,3,8,7,3,12,5,3,14,4,1,,,,
naia_lsu_shreveport,LSU Shreveport,NAIA,Red River Athletic Conference,naiat2,14,4,3,16,6,1,14,4,4,14,2,6,,,,
naia_la_sierra_university,La Sierra University,NAIA,Great Southwest Athletic Conference,naiat2,9,7,1,7,6,3,8,7,1,14,4,1,,,,
naia_lawrence_technological_university,Lawrence Technological University,NAIA,Wolverine-Hoosier Athletic Conference,naiat2,5,8,6,11,5,3,7,8,4,8,9,2,,,,
life_ga,Life (GA),NAIA,Southern States Athletic Conference,naiat2,14,3,1,6,6,3,10,4,3,16,1,3,,,,
naia_louisiana_christian_university,Louisiana Christian University,NAIA,Red River Athletic Conference,naiat2,11,3,6,14,4,4,15,5,3,6,8,1,,,,
naia_madonna_university,Madonna University,NAIA,Wolverine-Hoosier Athletic Conference,naiat2,15,0,6,11,5,4,14,3,4,17,3,2,,,,
naia_marian_university_in,Marian University (IN),NAIA,Crossroads League,naiat2,5,11,3,12,5,2,14,5,3,9,6,4,,,,
naia_mcpherson_college,McPherson College,NAIA,Kansas Collegiate Athletic Conference,naiat2,10,6,3,1,12,5,6,10,2,7,9,3,,,,
naia_mid_america_christian_university,Mid-America Christian University,NAIA,Sooner Athletic Conference,naiat2,19,2,2,17,0,4,14,3,4,9,9,4,,,,
naia_milligan_university,Milligan University,NAIA,Appalachian Athletic Conference,naiat2,10,3,7,19,3,4,13,1,5,12,7,2,,,,
naia_mission_university,Mission University,NAIA,American Midwest Conference,naiat2,,,,,,,1,11,0,1,12,2,,,,
naia_missouri_valley_college,Missouri Valley College,NAIA,Heart of America Athletic Conference,naiat1,15,5,1,14,6,0,16,3,3,7,8,3,,,,
naia_montreat_college,Montreat College,NAIA,Appalachian Athletic Conference,naiat2,6,10,2,6,10,2,3,4,1,5,10,3,,,,
naia_mount_marty_university,Mount Marty University,NAIA,Great Plains Athletic Conference,naiat1,7,7,3,3,9,4,4,11,1,4,7,4,,,,
naia_nelson_university,Nelson University,NAIA,Sooner Athletic Conference,naiat2,2,15,0,10,12,0,6,6,7,10,9,4,,,,
naia_new_college_of_florida,New College of Florida,NAIA,Sun Conference,naiat1,,,,10,3,1,2,10,3,13,4,1,,,,
naia_north_american_university,North American University,NAIA,Red River Athletic Conference,naiat2,6,7,2,6,9,0,6,10,2,5,7,3,,,,
naia_oakland_city_university,Oakland City University,NAIA,River States Conference,naiat2,9,7,5,9,10,1,9,4,5,8,10,1,,,,
naia_oakwood_university,Oakwood University,NAIA,HBCU Athletic Conference,naiat2,,,,2,5,2,2,3,1,2,7,0,,,,
naia_oklahoma_panhandle_state_university,Oklahoma Panhandle State University,NAIA,Sooner Athletic Conference,naiat2,4,8,1,5,9,1,2,11,2,6,6,5,,,,
naia_oklahoma_wesleyan_university,Oklahoma Wesleyan University,NAIA,Kansas Collegiate Athletic Conference,naiat2,14,6,3,17,2,5,22,2,0,19,1,3,,,,
naia_oregon_institute_of_technology,Oregon Institute of Technology,NAIA,Cascade Collegiate Conference,naiat2,13,3,4,11,5,3,9,8,3,7,6,5,,,,
naia_our_lady_of_the_lake_university,Our Lady of the Lake University,NAIA,Red River Athletic Conference,naiat2,2,11,3,,,,6,11,1,12,5,2,,,,
naia_pacific_union_college,Pacific Union College,NAIA,California Pacific Conference,naiat2,4,10,2,5,7,4,0,13,0,3,6,3,,,,
naia_paul_quinn_college,Paul Quinn College,NAIA,Red River Athletic Conference,naiat2,9,6,3,1,14,1,2,10,1,3,6,6,,,,
point_ga,Point (GA),NAIA,Southern States Athletic Conference,naiat2,3,12,2,3,11,0,6,8,2,6,8,2,,,,
naia_reinhardt_university,Reinhardt University,NAIA,Appalachian Athletic Conference,naiat2,9,4,4,9,4,5,4,9,4,5,10,2,,,,
naia_rio_grande_university_of,Rio Grande (University of),NAIA,River States Conference,naiat2,12,3,2,12,1,2,9,4,1,11,5,4,,,,
naia_rochester_christian_university,Rochester Christian University,NAIA,Wolverine-Hoosier Athletic Conference,naiat2,7,9,2,4,10,2,3,12,1,1,13,3,,,,
naia_saint_mary_of_the_woods_college,Saint Mary-of-the-Woods College,NAIA,River States Conference,naiat2,,,,1,13,2,5,12,0,7,10,2,,,,
naia_saint_xavier_university,Saint Xavier University,NAIA,Chicagoland Collegiate Athletic Conference,naiat2,5,10,3,8,7,4,3,11,4,12,5,3,,,,
naia_savannah_college_of_art_and_design,Savannah College of Art and Design,NAIA,Sun Conference,naiat1,5,11,0,6,8,4,11,4,3,7,7,4,,,,
naia_spartanburg_methodist_college,Spartanburg Methodist College,NAIA,Appalachian Athletic Conference,naiat2,,,,,,,5,10,2,4,8,4,,,,
naia_talladega_college,Talladega College,NAIA,HBCU Athletic Conference,naiat2,0,10,0,5,4,1,4,6,4,3,8,0,,,,
naia_shawnee_state_university,Shawnee State University,NAIA,River States Conference,naiat2,11,8,0,6,8,4,8,8,3,7,5,5,,,,
naia_simpson_university,Simpson University,NAIA,California Pacific Conference,naiat2,7,5,5,6,8,4,3,7,1,2,12,3,,,,
naia_soka_university_of_america,Soka University of America,NAIA,Great Southwest Athletic Conference,naiat2,5,9,3,9,7,1,6,10,0,5,8,3,,,,
naia_southwestern_christian_university,Southwestern Christian University,NAIA,Sooner Athletic Conference,naiat2,9,6,5,7,10,1,8,7,6,7,5,5,,,,
naia_texas_a_m_university_victoria,Texas A&M University-Victoria,NAIA,Red River Athletic Conference,naiat2,10,3,5,12,4,1,7,7,2,8,9,2,,,,
naia_texas_college,Texas College,NAIA,Red River Athletic Conference,naiat2,0,14,1,2,11,3,3,13,0,0,12,1,,,,
naia_texas_wesleyan_university,Texas Wesleyan University,NAIA,Sooner Athletic Conference,naiat2,12,6,0,5,9,3,10,6,3,9,10,0,,,,
naia_the_evergreen_state_college,The Evergreen State College,NAIA,Cascade Collegiate Conference,naiat2,6,9,2,6,8,4,3,12,1,1,12,2,,,,
naia_the_master_s_university,The Master's University,NAIA,Great Southwest Athletic Conference,naiat2,6,8,3,9,6,3,9,9,2,5,10,2,,,,
naia_thomas_university,Thomas University,NAIA,Southern States Athletic Conference,naiat2,7,6,5,10,4,4,6,9,2,5,7,4,,,,
naia_tougaloo_college,Tougaloo College,NAIA,HBCU Athletic Conference,naiat2,0,8,0,3,5,1,2,8,2,1,6,0,,,,
naia_truett_mcconnell_university,Truett McConnell University,NAIA,Appalachian Athletic Conference,naiat2,9,5,4,9,3,4,11,5,3,10,5,3,,,,
union_ky,Union (KY),NAIA,Appalachian Athletic Conference,naiat2,9,5,6,15,3,2,13,3,3,14,3,4,,,,
naia_university_of_health_sciences_and_pharmacy_in_st_louis,University of Health Sciences and Pharmacy in St. Louis,NAIA,American Midwest Conference,naiat2,1,12,0,3,11,3,1,15,0,1,15,1,,,,
naia_university_of_michigan_dearborn,University of Michigan-Dearborn,NAIA,Wolverine-Hoosier Athletic Conference,naiat2,6,10,3,3,8,5,3,11,2,1,11,3,,,,
naia_university_of_mobile,University of Mobile,NAIA,Southern States Athletic Conference,naiat2,18,4,1,15,2,3,18,4,1,5,10,1,,,,
naia_university_of_northwestern_ohio,University of Northwestern Ohio,NAIA,Wolverine-Hoosier Athletic Conference,naiat2,14,4,3,7,9,4,8,7,4,13,5,2,,,,
providence_mt,Providence (MT),NAIA,Cascade Collegiate Conference,naiat2,2,11,1,7,9,2,2,14,0,3,11,2,,,,
naia_university_of_saint_francis_in,University of Saint Francis (IN),NAIA,Crossroads League,naiat2,7,9,2,8,4,7,8,9,2,7,10,2,,,,
naia_tennessee_wesleyan_university,Tennessee Wesleyan University,NAIA,Appalachian Athletic Conference,naiat2,11,2,6,12,5,5,7,8,2,8,8,1,,,,
naia_texas_a_m_university_san_antonio,Texas A&M University-San Antonio,NAIA,Red River Athletic Conference,naiat2,7,5,3,8,6,2,9,3,3,11,4,2,,,,
naia_texas_a_m_university_texarkana,Texas A&M University-Texarkana,NAIA,Red River Athletic Conference,naiat2,6,8,3,9,9,1,7,9,3,7,7,5,,,,
naia_university_of_tennessee_southern,University of Tennessee Southern,NAIA,Southern States Athletic Conference,naiat2,13,4,1,9,6,2,10,6,2,8,6,3,,,,
naia_university_of_the_southwest_new_mexico,University of the Southwest (New Mexico),NAIA,Red River Athletic Conference,naiat2,3,8,4,2,12,2,5,7,4,5,6,3,,,,
naia_walla_walla_university,Walla Walla University,NAIA,Cascade Collegiate Conference,naiat2,0,14,0,0,14,0,1,12,0,3,9,0,,,,
naia_washington_adventist_university,Washington Adventist University,NAIA,Continental Athletic Conference,naiat1,6,8,2,10,4,2,4,4,5,,,,,,,
naia_west_virginia_university_institute_of_technology,West Virginia University Institute of Technology,NAIA,River States Conference,naiat2,14,3,3,14,5,2,10,8,2,20,1,2,,,,
naia_westcliff_university,Westcliff University,NAIA,California Pacific Conference,naiat2,11,6,2,18,2,0,12,2,2,12,5,2,,,,
naia_wiley_university,Wiley University,NAIA,Continental Athletic Conference,naiat1,,,,0,5,0,3,8,0,,,,,,,
naia_william_carey_university,William Carey University,NAIA,Southern States Athletic Conference,naiat2,13,3,3,16,5,1,15,5,3,14,4,3,,,,
naia_williams_baptist_university,Williams Baptist University,NAIA,American Midwest Conference,naiat2,15,2,3,11,4,2,12,3,6,7,8,2,,,,
naia_york_university_nebraska,York University (Nebraska),NAIA,Kansas Collegiate Athletic Conference,naiat2,6,6,7,4,13,1,6,8,5,12,5,3,,,,
